school_id,school_name,campus,restaurant,dish_name,category,price,price_unit,portion_g,portion_label,ingredients,allergens,calories_kcal,protein_g,carbs_g,fat_g,fiber_g,sodium_mg,taste_tags,dietary_tags,spice_level,availability,image_url,source_name,source_url,source_date,source_kind,price_basis,nutrition_basis,source_identity,floor,window_name,location_basis,nutrition_status,calories_per_100g,protein_per_100g,carbs_per_100g,fat_per_100g,nutrition_recipe,nutrition_source_url
cufe,中央财经大学,沙河校区,东区食堂,麻辣香锅,热菜,18.00,元/份,450,估计成品可食部约450g/份,"[""鸡肉"",""土豆"",""藕片"",""青菜"",""香锅调料""]",[],836,30.0,52.0,56.4,,,"[""香辣"",""自选""]","[""校园餐饮""]",辣,上架,/assets/zhongcai/%E9%BA%BB%E8%BE%A3%E9%A6%99%E9%94%85.png,中央财经大学食堂项目比选公告,https://www.cufe.edu.cn/info/1188/27544.htm,2026-07-24,公开网页整理,高校食堂参考价,预估而非实测；NHC2024附录2交换份，明确配方假设：禽肉（可食部生重）100g；薯芋类150g；蔬菜150g；豆皮/豆干40g；烹调用油（实际入口估计）40g；糖8g；成品份量估计；能量=4×蛋白质+4×碳水+9×脂肪；纤维/钠未知；不含米饭；40g为估计实际入口的烹调用油，食材自选导致很大波动,"[""cufe"",""沙河校区"",""东区三层食堂"",""麻辣香锅""]",三层,,原列表楼层；原招标公告并非实售菜单，待后勤核实,estimated,185.8,6.7,11.6,12.5,"{""components"":{""poultry"":100,""potato"":150,""veg"":150,""beancurd"":40,""oil"":40,""sugar"":8},""portionG"":450,""notes"":""不含米饭；40g为估计实际入口的烹调用油，食材自选导致很大波动""}",https://wjw.baoji.gov.cn/col2223/col2269/202403/P020241228641521653546.pdf
cufe,中央财经大学,沙河校区,东区食堂,麻辣烫,汤品,15.00,元/份,500,估计成品可食部约500g/份,"[""牛肉丸"",""豆腐"",""青菜"",""粉条"",""麻辣汤底""]","[""小麦""]",654,29.6,60.1,32.8,,,"[""香辣"",""自选""]","[""校园餐饮""]",辣,上架,/assets/zhongcai/%E9%BA%BB%E8%BE%A3%E7%83%AB%C2%B7.png,中央财经大学食堂项目比选公告,https://www.cufe.edu.cn/info/1188/27544.htm,2026-07-24,公开网页整理,高校食堂参考价,预估而非实测；NHC2024附录2交换份，明确配方假设：淀粉/粉条（干）50g；禽肉（可食部生重）80g；北豆腐100g；蔬菜150g；烹调用油（实际入口估计）18g；糖5g；成品份量估计；能量=4×蛋白质+4×碳水+9×脂肪；纤维/钠未知；干粉50g；含汤，不按整锅汤底用油全部入口计算,"[""cufe"",""沙河校区"",""东区三层食堂"",""麻辣烫""]",三层,,原列表楼层；原招标公告并非实售菜单，待后勤核实,estimated,130.8,5.9,12.0,6.6,"{""components"":{""starch"":50,""poultry"":80,""tofu"":100,""veg"":150,""oil"":18,""sugar"":5},""portionG"":500,""notes"":""干粉50g；含汤，不按整锅汤底用油全部入口计算""}",https://wjw.baoji.gov.cn/col2223/col2269/202403/P020241228641521653546.pdf
cufe,中央财经大学,沙河校区,东区食堂,冒菜,汤品,16.00,元/份,500,估计成品可食部约500g/份,"[""牛肉"",""豆芽"",""青菜"",""豆皮"",""香辣汤底""]",[],562,33.8,24.0,36.7,,,"[""香辣""]","[""校园餐饮""]",辣,上架,/assets/zhongcai/%E5%86%92%E8%8F%9C.png,中央财经大学食堂项目比选公告,https://www.cufe.edu.cn/info/1188/27544.htm,2026-07-24,公开网页整理,高校食堂参考价,预估而非实测；NHC2024附录2交换份，明确配方假设：瘦肉（可食部生重）100g；豆皮/豆干60g；蔬菜200g；烹调用油（实际入口估计）28g；糖5g；成品份量估计；能量=4×蛋白质+4×碳水+9×脂肪；纤维/钠未知；不含额外米饭,"[""cufe"",""沙河校区"",""东区三层食堂"",""冒菜""]",三层,,原列表楼层；原招标公告并非实售菜单，待后勤核实,estimated,112.4,6.8,4.8,7.3,"{""components"":{""lean"":100,""beancurd"":60,""veg"":200,""oil"":28,""sugar"":5},""portionG"":500,""notes"":""不含额外米饭""}",https://wjw.baoji.gov.cn/col2223/col2269/202403/P020241228641521653546.pdf
cufe,中央财经大学,沙河校区,东区食堂,重庆小面,面食,12.00,元/份,450,估计成品可食部约450g/份,"[""小麦面"",""豌豆"",""青菜"",""花生碎"",""辣椒油""]","[""小麦"",""花生""]",706,20.6,87.6,30.3,,,"[""香辣"",""面食""]","[""校园餐饮""]",辣,上架,/assets/zhongcai/%E9%87%8D%E5%BA%86%E5%B0%8F%E9%9D%A2.png,中央财经大学食堂项目比选公告,https://www.cufe.edu.cn/info/1188/27544.htm,2026-07-24,公开网页整理,高校食堂参考价,预估而非实测；NHC2024附录2交换份，明确配方假设：谷物/面粉（干）100g；瘦肉（可食部生重）35g；蔬菜80g；坚果10g；烹调用油（实际入口估计）22g；糖4g；成品份量估计；能量=4×蛋白质+4×碳水+9×脂肪；纤维/钠未知；面粉/米粉按干重100g，成品面条含水；豌杂面另以杂豆替代20g主食,"[""cufe"",""沙河校区"",""东区三层食堂"",""重庆小面""]",三层,,原列表楼层；原招标公告并非实售菜单，待后勤核实,estimated,156.9,4.6,19.5,6.7,"{""components"":{""grain"":100,""lean"":35,""veg"":80,""nuts"":10,""oil"":22,""sugar"":4},""portionG"":450,""notes"":""面粉/米粉按干重100g，成品面条含水；豌杂面另以杂豆替代20g主食""}",https://wjw.baoji.gov.cn/col2223/col2269/202403/P020241228641521653546.pdf
cufe,中央财经大学,沙河校区,东区食堂,黄焖鸡,套餐,18.00,元/份,500,估计成品可食部约500g/份,"[""鸡腿肉"",""土豆"",""青椒"",""米饭"",""黄焖酱""]",[],807,35.0,83.4,37.0,,,"[""咸鲜"",""下饭""]","[""校园餐饮""]",不辣,上架,/assets/zhongcai/%E9%BB%84%E7%84%96%E9%B8%A1.png,中央财经大学食堂项目比选公告,https://www.cufe.edu.cn/info/1188/27544.htm,2026-07-24,公开网页整理,高校食堂参考价,预估而非实测；NHC2024附录2交换份，明确配方假设：熟米饭220g；禽肉（可食部生重）150g；蔬菜100g；薯芋类50g；烹调用油（实际入口估计）18g；糖8g；成品份量估计；能量=4×蛋白质+4×碳水+9×脂肪；纤维/钠未知；有米饭的菜按熟米饭220g；禽肉为可食部生重，包含一般带皮肉脂肪,"[""cufe"",""沙河校区"",""东区三层食堂"",""黄焖鸡""]",三层,,原列表楼层；原招标公告并非实售菜单，待后勤核实,estimated,161.4,7.0,16.7,7.4,"{""components"":{""rice"":220,""poultry"":150,""veg"":100,""potato"":50,""oil"":18,""sugar"":8},""portionG"":500,""notes"":""有米饭的菜按熟米饭220g；禽肉为可食部生重，包含一般带皮肉脂肪""}",https://wjw.baoji.gov.cn/col2223/col2269/202403/P020241228641521653546.pdf
cufe,中央财经大学,沙河校区,东区食堂,鸡公煲,套餐,22.00,元/份,500,估计成品可食部约500g/份,"[""鸡肉"",""洋葱"",""青椒"",""米饭"",""酱料""]",[],807,35.0,83.4,37.0,,,"[""香辣"",""下饭""]","[""校园餐饮""]",辣,上架,/assets/zhongcai/%E9%B8%A1%E5%85%AC%E7%85%B2.png,中央财经大学食堂项目比选公告,https://www.cufe.edu.cn/info/1188/27544.htm,2026-07-24,公开网页整理,高校食堂参考价,预估而非实测；NHC2024附录2交换份，明确配方假设：熟米饭220g；禽肉（可食部生重）150g；蔬菜100g；薯芋类50g；烹调用油（实际入口估计）18g；糖8g；成品份量估计；能量=4×蛋白质+4×碳水+9×脂肪；纤维/钠未知；有米饭的菜按熟米饭220g；禽肉为可食部生重，包含一般带皮肉脂肪,"[""cufe"",""沙河校区"",""东区三层食堂"",""鸡公煲""]",三层,,原列表楼层；原招标公告并非实售菜单，待后勤核实,estimated,161.4,7.0,16.7,7.4,"{""components"":{""rice"":220,""poultry"":150,""veg"":100,""potato"":50,""oil"":18,""sugar"":8},""portionG"":500,""notes"":""有米饭的菜按熟米饭220g；禽肉为可食部生重，包含一般带皮肉脂肪""}",https://wjw.baoji.gov.cn/col2223/col2269/202403/P020241228641521653546.pdf
cufe,中央财经大学,沙河校区,东区食堂,米粉米线,面食,13.00,元/份,500,估计成品可食部约500g/份,"[""米粉"",""青菜"",""肉片"",""高汤"",""葱花""]","[""小麦""]",573,26.8,80.1,16.2,,,"[""清淡"",""面食""]","[""校园餐饮""]",不辣,上架,/assets/zhongcai/%E7%B1%B3%E7%B2%89%C2%B7%E7%B1%B3%E7%BA%BF.png,中央财经大学食堂项目比选公告,https://www.cufe.edu.cn/info/1188/27544.htm,2026-07-24,公开网页整理,高校食堂参考价,预估而非实测；NHC2024附录2交换份，明确配方假设：谷物/面粉（干）90g；瘦肉（可食部生重）80g；蔬菜100g；烹调用油（实际入口估计）12g；糖4g；成品份量估计；能量=4×蛋白质+4×碳水+9×脂肪；纤维/钠未知；粉/面按干重90g，含汤；主食干重按相近谷物交换份估算,"[""cufe"",""沙河校区"",""东区三层食堂"",""米粉米线""]",三层,,原列表楼层；原招标公告并非实售菜单，待后勤核实,estimated,114.6,5.4,16.0,3.2,"{""components"":{""grain"":90,""lean"":80,""veg"":100,""oil"":12,""sugar"":4},""portionG"":500,""notes"":""粉/面按干重90g，含汤；主食干重按相近谷物交换份估算""}",https://wjw.baoji.gov.cn/col2223/col2269/202403/P020241228641521653546.pdf
cufe,中央财经大学,沙河校区,东区食堂,广式煲仔饭,套餐,18.00,元/份,500,估计成品可食部约500g/份,"[""大米"",""腊肠"",""青菜"",""鸡蛋"",""煲仔汁""]","[""鸡蛋""]",728,31.5,79.7,31.5,,,"[""咸鲜"",""下饭""]","[""校园餐饮""]",不辣,上架,/assets/zhongcai/%E5%B9%BF%E5%BC%8F%E7%85%B2%E4%BB%94%E9%A5%AD.png,中央财经大学食堂项目比选公告,https://www.cufe.edu.cn/info/1188/27544.htm,2026-07-24,公开网页整理,高校食堂参考价,预估而非实测；NHC2024附录2交换份，明确配方假设：熟米饭250g；中脂肉（可食部生重）120g；蔬菜100g；烹调用油（实际入口估计）20g；糖8g；成品份量估计；能量=4×蛋白质+4×碳水+9×脂肪；纤维/钠未知；熟米饭250g，肉类可食部生重120g，油为估计入口量,"[""cufe"",""沙河校区"",""东区三层食堂"",""广式煲仔饭""]",三层,,原列表楼层；原招标公告并非实售菜单，待后勤核实,estimated,145.6,6.3,15.9,6.3,"{""components"":{""rice"":250,""pork"":120,""veg"":100,""oil"":20,""sugar"":8},""portionG"":500,""notes"":""熟米饭250g，肉类可食部生重120g，油为估计入口量""}",https://wjw.baoji.gov.cn/col2223/col2269/202403/P020241228641521653546.pdf
cufe,中央财经大学,沙河校区,东区食堂,卤肉饭,套餐,16.00,元/份,500,估计成品可食部约500g/份,"[""猪肉"",""大米"",""卤汁"",""鸡蛋"",""青菜""]","[""鸡蛋""]",899,26.5,81.9,51.7,,,"[""咸鲜"",""下饭""]","[""校园餐饮""]",不辣,上架,/assets/zhongcai/%E5%8D%A4%E8%82%89%E9%A5%AD.png,中央财经大学食堂项目比选公告,https://www.cufe.edu.cn/info/1188/27544.htm,2026-07-24,公开网页整理,高校食堂参考价,预估而非实测；NHC2024附录2交换份，明确配方假设：熟米饭250g；蔬菜100g；烹调用油（实际入口估计）20g；糖8g；高脂肉（可食部生重）120g；成品份量估计；能量=4×蛋白质+4×碳水+9×脂肪；纤维/钠未知；熟米饭250g，肉类可食部生重120g，油为估计入口量,"[""cufe"",""沙河校区"",""东区三层食堂"",""卤肉饭""]",三层,,原列表楼层；原招标公告并非实售菜单，待后勤核实,estimated,179.8,5.3,16.4,10.3,"{""components"":{""rice"":250,""veg"":100,""oil"":20,""sugar"":8,""fatty"":120},""portionG"":500,""notes"":""熟米饭250g，肉类可食部生重120g，油为估计入口量""}",https://wjw.baoji.gov.cn/col2223/col2269/202403/P020241228641521653546.pdf
cufe,中央财经大学,沙河校区,东区食堂,牛肉饭,套餐,20.00,元/份,500,估计成品可食部约500g/份,"[""牛肉"",""大米"",""西兰花"",""胡萝卜"",""洋葱""]",[],671,32.5,81.0,24.1,,,"[""咸鲜"",""下饭""]","[""校园餐饮""]",不辣,上架,/assets/zhongcai/%E7%89%9B%E8%82%89%E9%A5%AD.png,中央财经大学食堂项目比选公告,https://www.cufe.edu.cn/info/1188/27544.htm,2026-07-24,公开网页整理,高校食堂参考价,预估而非实测；NHC2024附录2交换份，明确配方假设：熟米饭250g；蔬菜100g；烹调用油（实际入口估计）20g；糖8g；瘦肉（可食部生重）120g；成品份量估计；能量=4×蛋白质+4×碳水+9×脂肪；纤维/钠未知；熟米饭250g，肉类可食部生重120g，油为估计入口量,"[""cufe"",""沙河校区"",""东区三层食堂"",""牛肉饭""]",三层,,原列表楼层；原招标公告并非实售菜单，待后勤核实,estimated,134.2,6.5,16.2,4.8,"{""components"":{""rice"":250,""veg"":100,""oil"":20,""sugar"":8,""lean"":120},""portionG"":500,""notes"":""熟米饭250g，肉类可食部生重120g，油为估计入口量""}",https://wjw.baoji.gov.cn/col2223/col2269/202403/P020241228641521653546.pdf
cufe,中央财经大学,沙河校区,东区食堂,烤盘饭,套餐,19.00,元/份,500,估计成品可食部约500g/份,"[""鸡肉"",""大米"",""玉米"",""青菜"",""黑椒酱""]",[],728,31.5,79.7,31.5,,,"[""咸鲜"",""下饭""]","[""校园餐饮""]",不辣,上架,,中央财经大学食堂项目比选公告,https://www.cufe.edu.cn/info/1188/27544.htm,2026-07-24,公开网页整理,高校食堂参考价,预估而非实测；NHC2024附录2交换份，明确配方假设：熟米饭250g；中脂肉（可食部生重）120g；蔬菜100g；烹调用油（实际入口估计）20g；糖8g；成品份量估计；能量=4×蛋白质+4×碳水+9×脂肪；纤维/钠未知；熟米饭250g，肉类可食部生重120g，油为估计入口量,"[""cufe"",""沙河校区"",""东区三层食堂"",""烤盘饭""]",三层,,原列表楼层；原招标公告并非实售菜单，待后勤核实,estimated,145.6,6.3,15.9,6.3,"{""components"":{""rice"":250,""pork"":120,""veg"":100,""oil"":20,""sugar"":8},""portionG"":500,""notes"":""熟米饭250g，肉类可食部生重120g，油为估计入口量""}",https://wjw.baoji.gov.cn/col2223/col2269/202403/P020241228641521653546.pdf
cufe,中央财经大学,沙河校区,东区食堂,馄饨,面食,12.00,元/份,350,估计成品可食部约350g/份,"[""猪肉"",""小麦面皮"",""紫菜"",""虾皮"",""葱花""]","[""小麦"",""甲壳类""]",535,25.1,70.6,16.9,,,"[""清淡"",""面食""]","[""校园餐饮""]",不辣,上架,,中央财经大学食堂项目比选公告,https://www.cufe.edu.cn/info/1188/27544.htm,2026-07-24,公开网页整理,高校食堂参考价,预估而非实测；NHC2024附录2交换份，明确配方假设：谷物/面粉（干）80g；中脂肉（可食部生重）80g；蔬菜100g；烹调用油（实际入口估计）8g；糖3g；成品份量估计；能量=4×蛋白质+4×碳水+9×脂肪；纤维/钠未知；粉按干重；小笼包约6只/份，其他饺/馄饨为一份示例，不含额外蘸料,"[""cufe"",""沙河校区"",""东区三层食堂"",""馄饨""]",三层,,原列表楼层；原招标公告并非实售菜单，待后勤核实,estimated,152.9,7.2,20.2,4.8,"{""components"":{""grain"":80,""pork"":80,""veg"":100,""oil"":8,""sugar"":3},""portionG"":350,""notes"":""粉按干重；小笼包约6只/份，其他饺/馄饨为一份示例，不含额外蘸料""}",https://wjw.baoji.gov.cn/col2223/col2269/202403/P020241228641521653546.pdf
cufe,中央财经大学,沙河校区,东区食堂,小笼包,主食,12.00,元/份,350,估计成品可食部约350g/份,"[""猪肉"",""小麦面粉"",""葱姜"",""酱油""]","[""小麦"",""大豆""]",535,25.1,70.6,16.9,,,"[""咸鲜"",""蒸制""]","[""校园餐饮""]",不辣,上架,,中央财经大学食堂项目比选公告,https://www.cufe.edu.cn/info/1188/27544.htm,2026-07-24,公开网页整理,高校食堂参考价,预估而非实测；NHC2024附录2交换份，明确配方假设：谷物/面粉（干）80g；中脂肉（可食部生重）80g；蔬菜100g；烹调用油（实际入口估计）8g；糖3g；成品份量估计；能量=4×蛋白质+4×碳水+9×脂肪；纤维/钠未知；粉按干重；小笼包约6只/份，其他饺/馄饨为一份示例，不含额外蘸料,"[""cufe"",""沙河校区"",""东区三层食堂"",""小笼包""]",三层,,原列表楼层；原招标公告并非实售菜单，待后勤核实,estimated,152.9,7.2,20.2,4.8,"{""components"":{""grain"":80,""pork"":80,""veg"":100,""oil"":8,""sugar"":3},""portionG"":350,""notes"":""粉按干重；小笼包约6只/份，其他饺/馄饨为一份示例，不含额外蘸料""}",https://wjw.baoji.gov.cn/col2223/col2269/202403/P020241228641521653546.pdf
cufe,中央财经大学,沙河校区,东区食堂,葱油拌面,面食,11.00,元/份,450,估计成品可食部约450g/份,"[""小麦面"",""葱油"",""酱油"",""青菜""]","[""小麦"",""大豆""]",683,12.8,96.0,27.5,,,"[""咸鲜"",""面食""]","[""校园餐饮""]",不辣,上架,,中央财经大学食堂项目比选公告,https://www.cufe.edu.cn/info/1188/27544.htm,2026-07-24,公开网页整理,高校食堂参考价,预估而非实测；NHC2024附录2交换份，明确配方假设：谷物/面粉（干）110g；蔬菜100g；烹调用油（实际入口估计）25g；糖6g；成品份量估计；能量=4×蛋白质+4×碳水+9×脂肪；纤维/钠未知；面粉干重110g，烹调用油25g，肉酱会有波动,"[""cufe"",""沙河校区"",""东区三层食堂"",""葱油拌面""]",三层,,原列表楼层；原招标公告并非实售菜单，待后勤核实,estimated,151.8,2.8,21.3,6.1,"{""components"":{""grain"":110,""veg"":100,""oil"":25,""sugar"":6},""portionG"":450,""notes"":""面粉干重110g，烹调用油25g，肉酱会有波动""}",https://wjw.baoji.gov.cn/col2223/col2269/202403/P020241228641521653546.pdf
cufe,中央财经大学,沙河校区,东区食堂,芝士焗饭,套餐,20.00,元/份,500,估计成品可食部约500g/份,"[""大米"",""鸡肉"",""芝士"",""玉米"",""番茄酱""]","[""乳制品""]",820,34.7,82.2,39.1,,,"[""咸鲜"",""烘焙""]","[""校园餐饮""]",不辣,上架,,中央财经大学食堂项目比选公告,https://www.cufe.edu.cn/info/1188/27544.htm,2026-07-24,公开网页整理,高校食堂参考价,预估而非实测；NHC2024附录2交换份，明确配方假设：熟米饭250g；禽肉（可食部生重）100g；蔬菜80g；奶酪40g；烹调用油（实际入口估计）15g；糖8g；成品份量估计；能量=4×蛋白质+4×碳水+9×脂肪；纤维/钠未知；,"[""cufe"",""沙河校区"",""东区三层食堂"",""芝士焗饭""]",三层,,原列表楼层；原招标公告并非实售菜单，待后勤核实,estimated,164.0,6.9,16.4,7.8,"{""components"":{""rice"":250,""poultry"":100,""veg"":80,""cheese"":40,""oil"":15,""sugar"":8},""portionG"":500,""notes"":""""}",https://wjw.baoji.gov.cn/col2223/col2269/202403/P020241228641521653546.pdf
cufe,中央财经大学,沙河校区,东区食堂,炸鸡拌饭,套餐,18.00,元/份,500,估计成品可食部约500g/份,"[""鸡肉"",""大米"",""小麦面粉"",""鸡蛋"",""沙拉酱""]","[""小麦"",""鸡蛋""]",959,33.5,100.6,47.0,,,"[""咸鲜"",""下饭""]","[""校园餐饮""]",不辣,上架,,中央财经大学食堂项目比选公告,https://www.cufe.edu.cn/info/1188/27544.htm,2026-07-24,公开网页整理,高校食堂参考价,预估而非实测；NHC2024附录2交换份，明确配方假设：熟米饭250g；谷物/面粉（干）25g；蔬菜80g；烹调用油（实际入口估计）30g；糖10g；禽肉（可食部生重）130g；成品份量估计；能量=4×蛋白质+4×碳水+9×脂肪；纤维/钠未知；炸制吸油30g为场景估计，不是炸锅全部油量,"[""cufe"",""沙河校区"",""东区三层食堂"",""炸鸡拌饭""]",三层,,原列表楼层；原招标公告并非实售菜单，待后勤核实,estimated,191.8,6.7,20.1,9.4,"{""components"":{""rice"":250,""grain"":25,""veg"":80,""oil"":30,""sugar"":10,""poultry"":130},""portionG"":500,""notes"":""炸制吸油30g为场景估计，不是炸锅全部油量""}",https://wjw.baoji.gov.cn/col2223/col2269/202403/P020241228641521653546.pdf
cufe,中央财经大学,沙河校区,东区食堂,轻食套餐,轻食,19.00,元/份,450,估计成品可食部约450g/份,"[""鸡胸肉"",""生菜"",""玉米"",""藜麦"",""油醋汁""]",[],458,34.0,57.0,10.4,,,"[""清淡"",""轻食""]","[""校园餐饮""]",不辣,上架,,中央财经大学食堂项目比选公告,https://www.cufe.edu.cn/info/1188/27544.htm,2026-07-24,公开网页整理,高校食堂参考价,预估而非实测；NHC2024附录2交换份，明确配方假设：熟米饭150g；瘦肉（可食部生重）130g；蔬菜220g；烹调用油（实际入口估计）6g；糖2g；成品份量估计；能量=4×蛋白质+4×碳水+9×脂肪；纤维/钠未知；少油场景；去皮鸡胸按瘦肉交换份代理估算，酱汁另计，名称不能保证低脂,"[""cufe"",""沙河校区"",""东区三层食堂"",""轻食套餐""]",三层,,原列表楼层；原招标公告并非实售菜单，待后勤核实,estimated,101.8,7.6,12.7,2.3,"{""components"":{""rice"":150,""lean"":130,""veg"":220,""oil"":6,""sugar"":2},""portionG"":450,""notes"":""少油场景；去皮鸡胸按瘦肉交换份代理估算，酱汁另计，名称不能保证低脂""}",https://wjw.baoji.gov.cn/col2223/col2269/202403/P020241228641521653546.pdf
cufe,中央财经大学,沙河校区,东区食堂,胡辣汤,汤品,8.00,元/份,400,估计成品可食部约400g/份,"[""牛肉"",""粉条"",""面筋"",""花生"",""胡椒""]","[""小麦"",""花生""]",395,20.7,43.1,15.5,,,"[""香辣"",""早餐""]","[""校园餐饮""]",辣,上架,,中央财经大学食堂项目比选公告,https://www.cufe.edu.cn/info/1188/27544.htm,2026-07-24,公开网页整理,高校食堂参考价,预估而非实测；NHC2024附录2交换份，明确配方假设：淀粉/粉条（干）40g；瘦肉（可食部生重）60g；豆皮/豆干40g；蔬菜80g；烹调用油（实际入口估计）10g；成品份量估计；能量=4×蛋白质+4×碳水+9×脂肪；纤维/钠未知；淀粉干重40g；鸭血使用瘦肉营养交换代理，有额外不确定性,"[""cufe"",""沙河校区"",""东区三层食堂"",""胡辣汤""]",三层,,原列表楼层；原招标公告并非实售菜单，待后勤核实,estimated,98.8,5.2,10.8,3.9,"{""components"":{""starch"":40,""lean"":60,""beancurd"":40,""veg"":80,""oil"":10},""portionG"":400,""notes"":""淀粉干重40g；鸭血使用瘦肉营养交换代理，有额外不确定性""}",https://wjw.baoji.gov.cn/col2223/col2269/202403/P020241228641521653546.pdf
cufe,中央财经大学,沙河校区,东区食堂,菠萝饭,套餐,18.00,元/份,450,估计成品可食部约450g/份,"[""大米"",""菠萝"",""鸡蛋"",""青豆"",""火腿""]","[""鸡蛋""]",743,18.1,92.5,33.4,,,"[""酸甜"",""下饭""]","[""校园餐饮""]",不辣,上架,,中央财经大学食堂项目比选公告,https://www.cufe.edu.cn/info/1188/27544.htm,2026-07-24,公开网页整理,高校食堂参考价,预估而非实测；NHC2024附录2交换份，明确配方假设：熟米饭250g；鸡蛋60g；水果100g；坚果15g；烹调用油（实际入口估计）18g；糖10g；成品份量估计；能量=4×蛋白质+4×碳水+9×脂肪；纤维/钠未知；,"[""cufe"",""沙河校区"",""东区三层食堂"",""菠萝饭""]",三层,,原列表楼层；原招标公告并非实售菜单，待后勤核实,estimated,165.1,4.0,20.6,7.4,"{""components"":{""rice"":250,""egg"":60,""fruit"":100,""nuts"":15,""oil"":18,""sugar"":10},""portionG"":450,""notes"":""""}",https://wjw.baoji.gov.cn/col2223/col2269/202403/P020241228641521653546.pdf
cufe,中央财经大学,沙河校区,东区食堂,自选菜,自选,14.00,元/份,500,估计成品可食部约500g/份,"[""时令蔬菜"",""谷物主食"",""荤菜"",""食用油""]",[],717,33.8,73.0,32.2,,,"[""自选"",""均衡""]","[""校园餐饮""]",不辣,上架,,中央财经大学食堂项目比选公告,https://www.cufe.edu.cn/info/1188/27544.htm,2026-07-24,公开网页整理,高校食堂参考价,预估而非实测；NHC2024附录2交换份，明确配方假设：熟米饭220g；中脂肉（可食部生重）100g；北豆腐50g；蔬菜150g；烹调用油（实际入口估计）20g；糖5g；成品份量估计；能量=4×蛋白质+4×碳水+9×脂肪；纤维/钠未知；自选配菜示例，非固定配方；不凭本值推荐为低脂,"[""cufe"",""沙河校区"",""东区三层食堂"",""自选菜""]",三层,,原列表楼层；原招标公告并非实售菜单，待后勤核实,estimated,143.4,6.8,14.6,6.4,"{""components"":{""rice"":220,""pork"":100,""tofu"":50,""veg"":150,""oil"":20,""sugar"":5},""portionG"":500,""notes"":""自选配菜示例，非固定配方；不凭本值推荐为低脂""}",https://wjw.baoji.gov.cn/col2223/col2269/202403/P020241228641521653546.pdf
tju,天津大学,北洋园校区,梅园餐厅,清炒木耳,热菜,4.00,元/份,220,估计成品可食部约220g/份,"[""木耳"",""蒜"",""食用油""]",[],182,6.1,11.2,12.5,,,"[""清淡"",""素食""]","[""校园餐饮""]",不辣,上架,/assets/tianda/%E6%B8%85%E7%82%92%E6%9C%A8%E8%80%B3.png,天津大学食堂报道,https://news.tju.edu.cn/info/1002/335689.htm,2018-11-16,公开网页整理,报道价格（历史标价）,预估而非实测；NHC2024附录2交换份，明确配方假设：鲜菌菇220g；烹调用油（实际入口估计）12g；成品份量估计；能量=4×蛋白质+4×碳水+9×脂肪；纤维/钠未知；,"[""tju"",""北洋园校区"",""梅园餐厅"",""清炒木耳""]",一层,宕昌食材窗口,2018学校报道，当前营业待核实,estimated,82.7,2.8,5.1,5.7,"{""components"":{""mushroom"":220,""oil"":12},""portionG"":220,""notes"":""""}",https://wjw.baoji.gov.cn/col2223/col2269/202403/P020241228641521653546.pdf
tju,天津大学,北洋园校区,梅园餐厅,大白菜红烧肉炒粉条,热菜,6.00,元/份,300,估计成品可食部约300g/份,"[""大白菜"",""猪肉"",""粉条"",""酱油""]","[""小麦"",""大豆""]",603,15.2,54.6,36.0,,,"[""咸鲜"",""下饭""]","[""校园餐饮""]",不辣,上架,/assets/tianda/%E5%A4%A7%E7%99%BD%E8%8F%9C%E7%BA%A2%E7%83%A7%E8%82%89%E7%82%92%E7%B2%89%E6%9D%A1.png,天津大学食堂报道,https://news.tju.edu.cn/info/1002/335689.htm,2018-11-16,公开网页整理,报道价格（历史标价）,预估而非实测；NHC2024附录2交换份，明确配方假设：淀粉/粉条（干）45g；高脂肉（可食部生重）80g；蔬菜150g；烹调用油（实际入口估计）15g；糖5g；成品份量估计；能量=4×蛋白质+4×碳水+9×脂肪；纤维/钠未知；粉条按干重45g，不含额外米饭,"[""tju"",""北洋园校区"",""梅园餐厅"",""大白菜红烧肉炒粉条""]",一层,宕昌食材窗口,2018学校报道，当前营业待核实,estimated,201.0,5.1,18.2,12.0,"{""components"":{""starch"":45,""fatty"":80,""veg"":150,""oil"":15,""sugar"":5},""portionG"":300,""notes"":""粉条按干重45g，不含额外米饭""}",https://wjw.baoji.gov.cn/col2223/col2269/202403/P020241228641521653546.pdf
tju,天津大学,北洋园校区,梅园餐厅,土豆粉条炒回锅肉,热菜,6.00,元/份,300,估计成品可食部约300g/份,"[""土豆粉条"",""猪肉"",""青椒"",""豆瓣酱""]","[""小麦"",""大豆""]",664,15.7,69.5,35.9,,,"[""香辣"",""下饭""]","[""校园餐饮""]",辣,上架,/assets/tianda/%E5%9C%9F%E8%B1%86%E7%B2%89%E6%9D%A1%E7%82%92%E5%9B%9E%E9%94%85%E8%82%89.png,天津大学食堂报道,https://news.tju.edu.cn/info/1002/335689.htm,2018-11-16,公开网页整理,报道价格（历史标价）,预估而非实测；NHC2024附录2交换份，明确配方假设：淀粉/粉条（干）45g；高脂肉（可食部生重）80g；蔬菜70g；烹调用油（实际入口估计）15g；糖5g；薯芋类100g；成品份量估计；能量=4×蛋白质+4×碳水+9×脂肪；纤维/钠未知；粉条按干重45g，不含额外米饭,"[""tju"",""北洋园校区"",""梅园餐厅"",""土豆粉条炒回锅肉""]",一层,宕昌食材窗口,2018学校报道，当前营业待核实,estimated,221.3,5.2,23.2,12.0,"{""components"":{""starch"":45,""fatty"":80,""veg"":70,""oil"":15,""sugar"":5,""potato"":100},""portionG"":300,""notes"":""粉条按干重45g，不含额外米饭""}",https://wjw.baoji.gov.cn/col2223/col2269/202403/P020241228641521653546.pdf
tju,天津大学,北洋园校区,梅园餐厅,宽粉条白菜炖肉,热菜,5.50,元/份,300,估计成品可食部约300g/份,"[""宽粉条"",""大白菜"",""猪肉"",""葱姜""]","[""小麦""]",603,15.2,54.6,36.0,,,"[""咸鲜"",""炖菜""]","[""校园餐饮""]",不辣,上架,/assets/tianda/%E5%AE%BD%E7%B2%89%E6%9D%A1%E7%99%BD%E8%8F%9C%E7%82%96%E8%82%89.png,天津大学食堂报道,https://news.tju.edu.cn/info/1002/335689.htm,2018-11-16,公开网页整理,报道价格（历史标价）,预估而非实测；NHC2024附录2交换份，明确配方假设：淀粉/粉条（干）45g；高脂肉（可食部生重）80g；蔬菜150g；烹调用油（实际入口估计）15g；糖5g；成品份量估计；能量=4×蛋白质+4×碳水+9×脂肪；纤维/钠未知；粉条按干重45g，不含额外米饭,"[""tju"",""北洋园校区"",""梅园餐厅"",""宽粉条白菜炖肉""]",一层,宕昌食材窗口,2018学校报道，当前营业待核实,estimated,201.0,5.1,18.2,12.0,"{""components"":{""starch"":45,""fatty"":80,""veg"":150,""oil"":15,""sugar"":5},""portionG"":300,""notes"":""粉条按干重45g，不含额外米饭""}",https://wjw.baoji.gov.cn/col2223/col2269/202403/P020241228641521653546.pdf
tju,天津大学,北洋园校区,梅园餐厅,蚂蚁上树,热菜,5.00,元/份,300,估计成品可食部约300g/份,"[""粉丝"",""猪肉末"",""豆瓣酱"",""葱""]","[""小麦"",""大豆""]",603,15.2,54.6,36.0,,,"[""香辣"",""下饭""]","[""校园餐饮""]",辣,上架,/assets/tianda/%E8%9A%82%E8%9A%81%E4%B8%8A%E6%A0%91.png,天津大学食堂报道,https://news.tju.edu.cn/info/1002/335689.htm,2018-11-16,公开网页整理,报道价格（历史标价）,预估而非实测；NHC2024附录2交换份，明确配方假设：淀粉/粉条（干）45g；高脂肉（可食部生重）80g；蔬菜150g；烹调用油（实际入口估计）15g；糖5g；成品份量估计；能量=4×蛋白质+4×碳水+9×脂肪；纤维/钠未知；粉条按干重45g，不含额外米饭,"[""tju"",""北洋园校区"",""梅园餐厅"",""蚂蚁上树""]",,,原来源未证明现有楼层/归属，保留现有在售状态,estimated,201.0,5.1,18.2,12.0,"{""components"":{""starch"":45,""fatty"":80,""veg"":150,""oil"":15,""sugar"":5},""portionG"":300,""notes"":""粉条按干重45g，不含额外米饭""}",https://wjw.baoji.gov.cn/col2223/col2269/202403/P020241228641521653546.pdf
tju,天津大学,北洋园校区,梅园餐厅,木耳炒牛肉,热菜,6.00,元/份,250,估计成品可食部约250g/份,"[""牛肉"",""木耳"",""青椒"",""酱油""]","[""大豆""]",400,31.8,13.8,24.2,,,"[""咸鲜"",""下饭""]","[""校园餐饮""]",不辣,上架,/assets/tianda/%E6%9C%A8%E8%80%B3%E7%82%92%E7%89%9B%E8%82%89.png,天津大学食堂报道,https://news.tju.edu.cn/info/1002/335689.htm,2018-11-16,公开网页整理,报道价格（历史标价）,预估而非实测；NHC2024附录2交换份，明确配方假设：瘦肉（可食部生重）150g；蔬菜100g；烹调用油（实际入口估计）20g；糖5g；成品份量估计；能量=4×蛋白质+4×碳水+9×脂肪；纤维/钠未知；肉为可食部生重；内脏未核实具体配方，老爆三/肝尖用瘦肉代理不用于高蛋白推荐,"[""tju"",""北洋园校区"",""梅园餐厅"",""木耳炒牛肉""]",,,原来源未证明现有楼层/归属，保留现有在售状态,estimated,160.0,12.7,5.5,9.7,"{""components"":{""lean"":150,""veg"":100,""oil"":20,""sugar"":5},""portionG"":250,""notes"":""肉为可食部生重；内脏未核实具体配方，老爆三/肝尖用瘦肉代理不用于高蛋白推荐""}",https://wjw.baoji.gov.cn/col2223/col2269/202403/P020241228641521653546.pdf
tju,天津大学,北洋园校区,梅园餐厅,酸辣土豆粉,面食,6.00,元/份,500,估计成品可食部约500g/份,"[""土豆粉"",""青菜"",""醋"",""辣椒油"",""花生""]","[""小麦"",""花生""]",672,23.2,82.5,27.7,,,"[""酸辣"",""面食""]","[""校园餐饮""]",辣,上架,/assets/tianda/%E9%85%B8%E8%BE%A3%E5%9C%9F%E8%B1%86%E7%B2%89.png,天津大学食堂报道,https://news.tju.edu.cn/info/1002/335689.htm,2018-11-16,公开网页整理,报道价格（历史标价）,预估而非实测；NHC2024附录2交换份，明确配方假设：淀粉/粉条（干）80g；鱼肉（可食部）100g；蔬菜100g；坚果10g；烹调用油（实际入口估计）18g；糖5g；成品份量估计；能量=4×蛋白质+4×碳水+9×脂肪；纤维/钠未知；粉按干重80g，不含额外米饭,"[""tju"",""北洋园校区"",""梅园餐厅"",""酸辣土豆粉""]",,,原来源未证明现有楼层/归属，保留现有在售状态,estimated,134.4,4.6,16.5,5.5,"{""components"":{""starch"":80,""fish"":100,""veg"":100,""nuts"":10,""oil"":18,""sugar"":5},""portionG"":500,""notes"":""粉按干重80g，不含额外米饭""}",https://wjw.baoji.gov.cn/col2223/col2269/202403/P020241228641521653546.pdf
tju,天津大学,北洋园校区,梅园餐厅,天津煎饼果子,主食,8.00,元/份,220,估计成品可食部约220g/份,"[""绿豆面"",""鸡蛋"",""薄脆"",""葱"",""甜面酱""]","[""小麦"",""鸡蛋""]",644,16.6,76.0,30.4,,,"[""咸鲜"",""早餐""]","[""校园餐饮""]",不辣,上架,/assets/tianda/%E5%A4%A9%E6%B4%A5%E7%85%8E%E9%A5%BC%E6%9E%9C%E5%AD%90.png,北洋维基北洋园食堂,https://wiki.tjubot.cn/wiki/canteen/canteen-peiyang,2018-11-16,学生指南（非实时在售证明）,报道价格（历史标价）,预估而非实测；NHC2024附录2交换份，明确配方假设：谷物/面粉（干）90g；鸡蛋60g；烹调用油（实际入口估计）22g；糖6g；成品份量估计；能量=4×蛋白质+4×碳水+9×脂肪；纤维/钠未知；油含炸物吸油/烙饼实际入口量的场景估计,"[""tju"",""北洋园校区"",""梅园餐厅"",""天津煎饼果子""]",一层,老天津特色风味窗口,学生手册记载楼层和档口；非原扶贫报道,estimated,292.7,7.5,34.5,13.8,"{""components"":{""grain"":90,""egg"":60,""oil"":22,""sugar"":6},""portionG"":220,""notes"":""油含炸物吸油/烙饼实际入口量的场景估计""}",https://wjw.baoji.gov.cn/col2223/col2269/202403/P020241228641521653546.pdf
tju,天津大学,北洋园校区,梅园餐厅,韭菜盒子,主食,5.00,元/份,350,估计成品可食部约350g/份,"[""小麦面粉"",""韭菜"",""鸡蛋"",""粉丝""]","[""小麦"",""鸡蛋""]",535,25.1,70.6,16.9,,,"[""咸鲜"",""煎制""]","[""校园餐饮""]",不辣,上架,/assets/tianda/%E9%9F%AD%E8%8F%9C%E7%9B%92%E5%AD%90.png,天津大学食堂报道,https://news.tju.edu.cn/info/1002/335689.htm,2018-11-16,公开网页整理,报道价格（历史标价）,预估而非实测；NHC2024附录2交换份，明确配方假设：谷物/面粉（干）80g；中脂肉（可食部生重）80g；蔬菜100g；烹调用油（实际入口估计）8g；糖3g；成品份量估计；能量=4×蛋白质+4×碳水+9×脂肪；纤维/钠未知；粉按干重；小笼包约6只/份，其他饺/馄饨为一份示例，不含额外蘸料,"[""tju"",""北洋园校区"",""梅园餐厅"",""韭菜盒子""]",,,原来源未证明现有楼层/归属，保留现有在售状态,estimated,152.9,7.2,20.2,4.8,"{""components"":{""grain"":80,""pork"":80,""veg"":100,""oil"":8,""sugar"":3},""portionG"":350,""notes"":""粉按干重；小笼包约6只/份，其他饺/馄饨为一份示例，不含额外蘸料""}",https://wjw.baoji.gov.cn/col2223/col2269/202403/P020241228641521653546.pdf
tju,天津大学,北洋园校区,梅园餐厅,老爆三,热菜,15.00,元/份,250,估计成品可食部约250g/份,"[""猪肉"",""猪肝"",""猪腰"",""蒜"",""酱油""]","[""大豆""]",400,31.8,13.8,24.2,,,"[""咸鲜"",""下饭""]","[""校园餐饮""]",不辣,上架,/assets/tianda/%E8%80%81%E7%88%86%E4%B8%89.png,天津大学食堂报道,https://news.tju.edu.cn/info/1002/335689.htm,2018-11-16,公开网页整理,报道价格（历史标价）,预估而非实测；NHC2024附录2交换份，明确配方假设：瘦肉（可食部生重）150g；蔬菜100g；烹调用油（实际入口估计）20g；糖5g；成品份量估计；能量=4×蛋白质+4×碳水+9×脂肪；纤维/钠未知；肉为可食部生重；内脏未核实具体配方，老爆三/肝尖用瘦肉代理不用于高蛋白推荐,"[""tju"",""北洋园校区"",""梅园餐厅"",""老爆三""]",,,原来源未证明现有楼层/归属，保留现有在售状态,estimated,160.0,12.7,5.5,9.7,"{""components"":{""lean"":150,""veg"":100,""oil"":20,""sugar"":5},""portionG"":250,""notes"":""肉为可食部生重；内脏未核实具体配方，老爆三/肝尖用瘦肉代理不用于高蛋白推荐""}",https://wjw.baoji.gov.cn/col2223/col2269/202403/P020241228641521653546.pdf
tju,天津大学,北洋园校区,梅园餐厅,溜肝尖,热菜,14.00,元/份,250,估计成品可食部约250g/份,"[""猪肝"",""木耳"",""青椒"",""葱姜""]",[],400,31.8,13.8,24.2,,,"[""咸鲜"",""下饭""]","[""校园餐饮""]",不辣,上架,,天津大学食堂报道,https://news.tju.edu.cn/info/1002/335689.htm,2018-11-16,公开网页整理,报道价格（历史标价）,预估而非实测；NHC2024附录2交换份，明确配方假设：瘦肉（可食部生重）150g；蔬菜100g；烹调用油（实际入口估计）20g；糖5g；成品份量估计；能量=4×蛋白质+4×碳水+9×脂肪；纤维/钠未知；肉为可食部生重；内脏未核实具体配方，老爆三/肝尖用瘦肉代理不用于高蛋白推荐,"[""tju"",""北洋园校区"",""梅园餐厅"",""溜肝尖""]",,,原来源未证明现有楼层/归属，保留现有在售状态,estimated,160.0,12.7,5.5,9.7,"{""components"":{""lean"":150,""veg"":100,""oil"":20,""sugar"":5},""portionG"":250,""notes"":""肉为可食部生重；内脏未核实具体配方，老爆三/肝尖用瘦肉代理不用于高蛋白推荐""}",https://wjw.baoji.gov.cn/col2223/col2269/202403/P020241228641521653546.pdf
tju,天津大学,北洋园校区,菊园餐厅,鸡胸肉健身餐,轻食,14.00,元/份,450,估计成品可食部约450g/份,"[""鸡胸肉"",""糙米"",""西兰花"",""胡萝卜""]",[],458,34.0,57.0,10.4,,,"[""清淡"",""高蛋白""]","[""校园餐饮""]",不辣,上架,,天津大学食堂健身餐报道,https://news.tju.edu.cn/info/1003/101659.htm,2020-12-09,公开网页整理,报道价格（历史均价）,预估而非实测；NHC2024附录2交换份，明确配方假设：熟米饭150g；瘦肉（可食部生重）130g；蔬菜220g；烹调用油（实际入口估计）6g；糖2g；成品份量估计；能量=4×蛋白质+4×碳水+9×脂肪；纤维/钠未知；少油场景；去皮鸡胸按瘦肉交换份代理估算，酱汁另计，名称不能保证低脂,"[""tju"",""卫津路校区"",""菊园餐厅"",""鸡胸肉健身餐""]",,,食堂校区据天津大学2026早餐报道核实；原菜品归属及楼层仍待核实，保留在售状态,estimated,101.8,7.6,12.7,2.3,"{""components"":{""rice"":150,""lean"":130,""veg"":220,""oil"":6,""sugar"":2},""portionG"":450,""notes"":""少油场景；去皮鸡胸按瘦肉交换份代理估算，酱汁另计，名称不能保证低脂""}",https://wjw.baoji.gov.cn/col2223/col2269/202403/P020241228641521653546.pdf
tju,天津大学,北洋园校区,菊园餐厅,卤牛肉健身餐,轻食,14.00,元/份,450,估计成品可食部约450g/份,"[""牛肉"",""杂粮饭"",""西兰花"",""生菜""]",[],458,34.0,57.0,10.4,,,"[""清淡"",""高蛋白""]","[""校园餐饮""]",不辣,上架,,天津大学食堂健身餐报道,https://news.tju.edu.cn/info/1003/101659.htm,2020-12-09,公开网页整理,报道价格（历史均价）,预估而非实测；NHC2024附录2交换份，明确配方假设：熟米饭150g；瘦肉（可食部生重）130g；蔬菜220g；烹调用油（实际入口估计）6g；糖2g；成品份量估计；能量=4×蛋白质+4×碳水+9×脂肪；纤维/钠未知；少油场景；去皮鸡胸按瘦肉交换份代理估算，酱汁另计，名称不能保证低脂,"[""tju"",""卫津路校区"",""菊园餐厅"",""卤牛肉健身餐""]",,,食堂校区据天津大学2026早餐报道核实；原菜品归属及楼层仍待核实，保留在售状态,estimated,101.8,7.6,12.7,2.3,"{""components"":{""rice"":150,""lean"":130,""veg"":220,""oil"":6,""sugar"":2},""portionG"":450,""notes"":""少油场景；去皮鸡胸按瘦肉交换份代理估算，酱汁另计，名称不能保证低脂""}",https://wjw.baoji.gov.cn/col2223/col2269/202403/P020241228641521653546.pdf
tju,天津大学,北洋园校区,菊园餐厅,时蔬鱼肉健身餐,轻食,14.00,元/份,450,估计成品可食部约450g/份,"[""鱼肉"",""糙米"",""时令蔬菜"",""菌菇""]","[""鱼类""]",478,33.5,56.7,13.0,,,"[""清淡"",""高蛋白""]","[""校园餐饮""]",不辣,上架,,天津大学食堂健身餐报道,https://news.tju.edu.cn/info/1003/101659.htm,2020-12-09,公开网页整理,报道价格（历史均价）,预估而非实测；NHC2024附录2交换份，明确配方假设：熟米饭150g；蔬菜220g；烹调用油（实际入口估计）6g；糖2g；鱼肉（可食部）140g；成品份量估计；能量=4×蛋白质+4×碳水+9×脂肪；纤维/钠未知；少油场景；去皮鸡胸按瘦肉交换份代理估算，酱汁另计，名称不能保证低脂,"[""tju"",""卫津路校区"",""菊园餐厅"",""时蔬鱼肉健身餐""]",,,食堂校区据天津大学2026早餐报道核实；原菜品归属及楼层仍待核实，保留在售状态,estimated,106.2,7.4,12.6,2.9,"{""components"":{""rice"":150,""veg"":220,""oil"":6,""sugar"":2,""fish"":140},""portionG"":450,""notes"":""少油场景；去皮鸡胸按瘦肉交换份代理估算，酱汁另计，名称不能保证低脂""}",https://wjw.baoji.gov.cn/col2223/col2269/202403/P020241228641521653546.pdf
tju,天津大学,北洋园校区,菊园餐厅,小份时蔬套餐,轻食,10.00,元/份,400,估计成品可食部约400g/份,"[""时令蔬菜"",""豆腐"",""杂粮饭""]",[],417,19.8,53.6,13.7,,,"[""清淡"",""小份菜""]","[""校园餐饮""]",不辣,上架,,天津大学食堂健身餐报道,https://news.tju.edu.cn/info/1003/101659.htm,2020-12-09,公开网页整理,报道价格（历史均价）,预估而非实测；NHC2024附录2交换份，明确配方假设：熟米饭150g；北豆腐100g；蔬菜200g；烹调用油（实际入口估计）8g；成品份量估计；能量=4×蛋白质+4×碳水+9×脂肪；纤维/钠未知；,"[""tju"",""卫津路校区"",""菊园餐厅"",""小份时蔬套餐""]",,,食堂校区据天津大学2026早餐报道核实；原菜品归属及楼层仍待核实，保留在售状态,estimated,104.2,5.0,13.4,3.4,"{""components"":{""rice"":150,""tofu"":100,""veg"":200,""oil"":8},""portionG"":400,""notes"":""""}",https://wjw.baoji.gov.cn/col2223/col2269/202403/P020241228641521653546.pdf
tju,天津大学,卫津路校区,食堂西饼屋,五仁月饼,烘焙甜品,8.00,元/份,80,估计成品可食部约80g/份,"[""小麦面粉"",""核桃"",""杏仁"",""瓜子仁"",""糖""]","[""小麦""]",324,5.6,52.0,10.4,,,"[""甜香"",""节令""]","[""校园餐饮""]",不辣,上架,,天津大学文创月饼报道,https://www.tju.edu.cn/info/1026/8505.htm,2025-09-01,公开网页整理,校园食堂参考价,预估而非实测；NHC2024附录2交换份，明确配方假设：糕点或油炸食品80g；成品份量估计；能量=4×蛋白质+4×碳水+9×脂肪；纤维/钠未知；糕点交换份代理；馅料品牌配方未公开，需营养标签替换，估算误差较大,"[""tju"",""卫津路校区"",""食堂西饼屋"",""五仁月饼""]",,,原来源未证明现有楼层/归属，保留现有在售状态,estimated,405.0,7.0,65.0,13.0,"{""components"":{""pastry"":80},""portionG"":80,""notes"":""糕点交换份代理；馅料品牌配方未公开，需营养标签替换，估算误差较大""}",https://wjw.baoji.gov.cn/col2223/col2269/202403/P020241228641521653546.pdf
tju,天津大学,卫津路校区,食堂西饼屋,黑芝麻月饼,烘焙甜品,8.00,元/份,80,估计成品可食部约80g/份,"[""小麦面粉"",""黑芝麻"",""糖"",""植物油""]","[""小麦"",""芝麻""]",324,5.6,52.0,10.4,,,"[""甜香"",""节令""]","[""校园餐饮""]",不辣,上架,,天津大学文创月饼报道,https://www.tju.edu.cn/info/1026/8505.htm,2025-09-01,公开网页整理,校园食堂参考价,预估而非实测；NHC2024附录2交换份，明确配方假设：糕点或油炸食品80g；成品份量估计；能量=4×蛋白质+4×碳水+9×脂肪；纤维/钠未知；糕点交换份代理；馅料品牌配方未公开，需营养标签替换，估算误差较大,"[""tju"",""卫津路校区"",""食堂西饼屋"",""黑芝麻月饼""]",,,原来源未证明现有楼层/归属，保留现有在售状态,estimated,405.0,7.0,65.0,13.0,"{""components"":{""pastry"":80},""portionG"":80,""notes"":""糕点交换份代理；馅料品牌配方未公开，需营养标签替换，估算误差较大""}",https://wjw.baoji.gov.cn/col2223/col2269/202403/P020241228641521653546.pdf
tju,天津大学,卫津路校区,食堂西饼屋,莲蓉蛋黄月饼,烘焙甜品,9.00,元/份,80,估计成品可食部约80g/份,"[""小麦面粉"",""莲子"",""咸蛋黄"",""糖""]","[""小麦"",""鸡蛋""]",324,5.6,52.0,10.4,,,"[""甜香"",""节令""]","[""校园餐饮""]",不辣,上架,,天津大学文创月饼报道,https://www.tju.edu.cn/info/1026/8505.htm,2025-09-01,公开网页整理,校园食堂参考价,预估而非实测；NHC2024附录2交换份，明确配方假设：糕点或油炸食品80g；成品份量估计；能量=4×蛋白质+4×碳水+9×脂肪；纤维/钠未知；糕点交换份代理；馅料品牌配方未公开，需营养标签替换，估算误差较大,"[""tju"",""卫津路校区"",""食堂西饼屋"",""莲蓉蛋黄月饼""]",,,原来源未证明现有楼层/归属，保留现有在售状态,estimated,405.0,7.0,65.0,13.0,"{""components"":{""pastry"":80},""portionG"":80,""notes"":""糕点交换份代理；馅料品牌配方未公开，需营养标签替换，估算误差较大""}",https://wjw.baoji.gov.cn/col2223/col2269/202403/P020241228641521653546.pdf
tju,天津大学,卫津路校区,食堂西饼屋,牛油果风味月饼,烘焙甜品,10.00,元/份,80,估计成品可食部约80g/份,"[""小麦面粉"",""牛油果风味馅"",""糖"",""植物油""]","[""小麦""]",324,5.6,52.0,10.4,,,"[""甜香"",""节令""]","[""校园餐饮""]",不辣,上架,,天津大学文创月饼报道,https://www.tju.edu.cn/info/1026/8505.htm,2025-09-01,公开网页整理,校园食堂参考价,预估而非实测；NHC2024附录2交换份，明确配方假设：糕点或油炸食品80g；成品份量估计；能量=4×蛋白质+4×碳水+9×脂肪；纤维/钠未知；糕点交换份代理；馅料品牌配方未公开，需营养标签替换，估算误差较大,"[""tju"",""卫津路校区"",""食堂西饼屋"",""牛油果风味月饼""]",,,原来源未证明现有楼层/归属，保留现有在售状态,estimated,405.0,7.0,65.0,13.0,"{""components"":{""pastry"":80},""portionG"":80,""notes"":""糕点交换份代理；馅料品牌配方未公开，需营养标签替换，估算误差较大""}",https://wjw.baoji.gov.cn/col2223/col2269/202403/P020241228641521653546.pdf
tju,天津大学,卫津路校区,食堂西饼屋,水蜜桃风味月饼,烘焙甜品,9.00,元/份,80,估计成品可食部约80g/份,"[""小麦面粉"",""水蜜桃风味馅"",""糖""]","[""小麦""]",324,5.6,52.0,10.4,,,"[""甜香"",""节令""]","[""校园餐饮""]",不辣,上架,,天津大学文创月饼报道,https://www.tju.edu.cn/info/1026/8505.htm,2025-09-01,公开网页整理,校园食堂参考价,预估而非实测；NHC2024附录2交换份，明确配方假设：糕点或油炸食品80g；成品份量估计；能量=4×蛋白质+4×碳水+9×脂肪；纤维/钠未知；糕点交换份代理；馅料品牌配方未公开，需营养标签替换，估算误差较大,"[""tju"",""卫津路校区"",""食堂西饼屋"",""水蜜桃风味月饼""]",,,原来源未证明现有楼层/归属，保留现有在售状态,estimated,405.0,7.0,65.0,13.0,"{""components"":{""pastry"":80},""portionG"":80,""notes"":""糕点交换份代理；馅料品牌配方未公开，需营养标签替换，估算误差较大""}",https://wjw.baoji.gov.cn/col2223/col2269/202403/P020241228641521653546.pdf
tju,天津大学,卫津路校区,食堂西饼屋,板栗月饼,烘焙甜品,9.00,元/份,80,估计成品可食部约80g/份,"[""小麦面粉"",""板栗"",""糖"",""植物油""]","[""小麦""]",324,5.6,52.0,10.4,,,"[""甜香"",""节令""]","[""校园餐饮""]",不辣,上架,,天津大学文创月饼报道,https://www.tju.edu.cn/info/1026/8505.htm,2025-09-01,公开网页整理,校园食堂参考价,预估而非实测；NHC2024附录2交换份，明确配方假设：糕点或油炸食品80g；成品份量估计；能量=4×蛋白质+4×碳水+9×脂肪；纤维/钠未知；糕点交换份代理；馅料品牌配方未公开，需营养标签替换，估算误差较大,"[""tju"",""卫津路校区"",""食堂西饼屋"",""板栗月饼""]",,,原来源未证明现有楼层/归属，保留现有在售状态,estimated,405.0,7.0,65.0,13.0,"{""components"":{""pastry"":80},""portionG"":80,""notes"":""糕点交换份代理；馅料品牌配方未公开，需营养标签替换，估算误差较大""}",https://wjw.baoji.gov.cn/col2223/col2269/202403/P020241228641521653546.pdf
bjfu,北京林业大学,东区,东区食堂,铁板饭,套餐,16.00,元/份,500,估计成品可食部约500g/份,"[""大米"",""牛肉"",""洋葱"",""青椒"",""铁板酱""]",[],728,31.5,79.7,31.5,,,"[""咸鲜"",""可加辣""]","[""校园餐饮""]",不辣,上架,/assets/beilin/%E9%93%81%E6%9D%BF%E9%A5%AD.png,北林信院新生手册·食堂,https://bjfu-book2.pages.dev/canteen/,2025-07-24,公开网页整理,校园食堂参考价,预估而非实测；NHC2024附录2交换份，明确配方假设：熟米饭250g；中脂肉（可食部生重）120g；蔬菜100g；烹调用油（实际入口估计）20g；糖8g；成品份量估计；能量=4×蛋白质+4×碳水+9×脂肪；纤维/钠未知；熟米饭250g，肉类可食部生重120g，油为估计入口量,"[""bjfu"",""东区"",""学一食堂"",""铁板饭""]",一层,学一食堂,学生编写的新生手册；非实时在售证明,estimated,145.6,6.3,15.9,6.3,"{""components"":{""rice"":250,""pork"":120,""veg"":100,""oil"":20,""sugar"":8},""portionG"":500,""notes"":""熟米饭250g，肉类可食部生重120g，油为估计入口量""}",https://wjw.baoji.gov.cn/col2223/col2269/202403/P020241228641521653546.pdf
bjfu,北京林业大学,东区,东区食堂,卤肉饭,套餐,15.00,元/份,500,估计成品可食部约500g/份,"[""猪肉"",""大米"",""卤汁"",""鸡蛋"",""青菜""]","[""鸡蛋""]",899,26.5,81.9,51.7,,,"[""咸鲜"",""下饭""]","[""校园餐饮""]",不辣,上架,/assets/beilin/%E5%8D%A4%E8%82%89%E9%A5%AD.png,北林信院新生手册·食堂,https://bjfu-book2.pages.dev/canteen/,2025-07-24,公开网页整理,校园食堂参考价,预估而非实测；NHC2024附录2交换份，明确配方假设：熟米饭250g；蔬菜100g；烹调用油（实际入口估计）20g；糖8g；高脂肉（可食部生重）120g；成品份量估计；能量=4×蛋白质+4×碳水+9×脂肪；纤维/钠未知；熟米饭250g，肉类可食部生重120g，油为估计入口量,"[""bjfu"",""东区"",""学一食堂"",""卤肉饭""]",一层,学一食堂,学生编写的新生手册；非实时在售证明,estimated,179.8,5.3,16.4,10.3,"{""components"":{""rice"":250,""veg"":100,""oil"":20,""sugar"":8,""fatty"":120},""portionG"":500,""notes"":""熟米饭250g，肉类可食部生重120g，油为估计入口量""}",https://wjw.baoji.gov.cn/col2223/col2269/202403/P020241228641521653546.pdf
bjfu,北京林业大学,东区,东区食堂,牛肉板面,面食,16.00,元/份,500,估计成品可食部约500g/份,"[""小麦面"",""牛肉"",""青菜"",""辣椒"",""卤蛋""]","[""小麦""]",573,26.8,80.1,16.2,,,"[""咸鲜"",""面食""]","[""校园餐饮""]",不辣,上架,/assets/beilin/%E7%89%9B%E8%82%89%E6%9D%BF%E9%9D%A2.png,北林信院新生手册·食堂,https://bjfu-book2.pages.dev/canteen/,2025-07-24,公开网页整理,校园食堂参考价,预估而非实测；NHC2024附录2交换份，明确配方假设：谷物/面粉（干）90g；瘦肉（可食部生重）80g；蔬菜100g；烹调用油（实际入口估计）12g；糖4g；成品份量估计；能量=4×蛋白质+4×碳水+9×脂肪；纤维/钠未知；粉/面按干重90g，含汤；主食干重按相近谷物交换份估算,"[""bjfu"",""东区"",""学一食堂"",""牛肉板面""]",一层,学一食堂,学生编写的新生手册；非实时在售证明,estimated,114.6,5.4,16.0,3.2,"{""components"":{""grain"":90,""lean"":80,""veg"":100,""oil"":12,""sugar"":4},""portionG"":500,""notes"":""粉/面按干重90g，含汤；主食干重按相近谷物交换份估算""}",https://wjw.baoji.gov.cn/col2223/col2269/202403/P020241228641521653546.pdf
bjfu,北京林业大学,东区,东区食堂,排骨拌饭,套餐,17.00,元/份,500,估计成品可食部约500g/份,"[""排骨"",""大米"",""时蔬"",""酱汁""]",[],899,26.5,81.9,51.7,,,"[""香辣"",""下饭""]","[""校园餐饮""]",辣,上架,/assets/beilin/%E6%8E%92%E9%AA%A8%E6%8B%8C%E9%A5%AD.png,北林信院新生手册·食堂,https://bjfu-book2.pages.dev/canteen/,2025-07-24,公开网页整理,校园食堂参考价,预估而非实测；NHC2024附录2交换份，明确配方假设：熟米饭250g；蔬菜100g；烹调用油（实际入口估计）20g；糖8g；高脂肉（可食部生重）120g；成品份量估计；能量=4×蛋白质+4×碳水+9×脂肪；纤维/钠未知；熟米饭250g，肉类可食部生重120g，油为估计入口量,"[""bjfu"",""东区"",""学一食堂"",""排骨拌饭""]",一层,学一食堂,学生编写的新生手册；非实时在售证明,estimated,179.8,5.3,16.4,10.3,"{""components"":{""rice"":250,""veg"":100,""oil"":20,""sugar"":8,""fatty"":120},""portionG"":500,""notes"":""熟米饭250g，肉类可食部生重120g，油为估计入口量""}",https://wjw.baoji.gov.cn/col2223/col2269/202403/P020241228641521653546.pdf
bjfu,北京林业大学,东区,东区食堂,自选菜,自选,14.00,元/份,500,估计成品可食部约500g/份,"[""时令蔬菜"",""谷物主食"",""荤菜"",""食用油""]",[],717,33.8,73.0,32.2,,,"[""自选"",""均衡""]","[""校园餐饮""]",不辣,上架,/assets/beilin/%E8%87%AA%E9%80%89%E8%8F%9C.png,北林信院新生手册·食堂,https://bjfu-book2.pages.dev/canteen/,2025-07-24,公开网页整理,校园食堂参考价,预估而非实测；NHC2024附录2交换份，明确配方假设：熟米饭220g；中脂肉（可食部生重）100g；北豆腐50g；蔬菜150g；烹调用油（实际入口估计）20g；糖5g；成品份量估计；能量=4×蛋白质+4×碳水+9×脂肪；纤维/钠未知；自选配菜示例，非固定配方；不凭本值推荐为低脂,"[""bjfu"",""东区"",""学一食堂"",""自选菜""]",一层,学一食堂,学生编写的新生手册；非实时在售证明,estimated,143.4,6.8,14.6,6.4,"{""components"":{""rice"":220,""pork"":100,""tofu"":50,""veg"":150,""oil"":20,""sugar"":5},""portionG"":500,""notes"":""自选配菜示例，非固定配方；不凭本值推荐为低脂""}",https://wjw.baoji.gov.cn/col2223/col2269/202403/P020241228641521653546.pdf
bjfu,北京林业大学,东区,东区食堂,咸水鸡拌饭,套餐,16.00,元/份,500,估计成品可食部约500g/份,"[""鸡肉"",""大米"",""青菜"",""葱姜汁""]",[],807,35.0,83.4,37.0,,,"[""咸鲜"",""下饭""]","[""校园餐饮""]",不辣,上架,/assets/beilin/%E5%92%B8%E6%B0%B4%E9%B8%A1%E6%8B%8C%E9%A5%AD.png,北林信院新生手册·食堂,https://bjfu-book2.pages.dev/canteen/,2025-07-24,公开网页整理,校园食堂参考价,预估而非实测；NHC2024附录2交换份，明确配方假设：熟米饭220g；禽肉（可食部生重）150g；蔬菜100g；薯芋类50g；烹调用油（实际入口估计）18g；糖8g；成品份量估计；能量=4×蛋白质+4×碳水+9×脂肪；纤维/钠未知；有米饭的菜按熟米饭220g；禽肉为可食部生重，包含一般带皮肉脂肪,"[""bjfu"",""东区"",""学一食堂"",""咸水鸡拌饭""]",一层,学一食堂,学生编写的新生手册；非实时在售证明,estimated,161.4,7.0,16.7,7.4,"{""components"":{""rice"":220,""poultry"":150,""veg"":100,""potato"":50,""oil"":18,""sugar"":8},""portionG"":500,""notes"":""有米饭的菜按熟米饭220g；禽肉为可食部生重，包含一般带皮肉脂肪""}",https://wjw.baoji.gov.cn/col2223/col2269/202403/P020241228641521653546.pdf
bjfu,北京林业大学,东区,东区食堂,咖喱土豆肉末煲仔饭,套餐,17.00,元/份,500,估计成品可食部约500g/份,"[""大米"",""土豆"",""猪肉末"",""咖喱"",""青豆""]",[],728,31.5,79.7,31.5,,,"[""咸鲜"",""下饭""]","[""校园餐饮""]",不辣,上架,/assets/beilin/%E5%92%96%E5%96%B1%E5%9C%9F%E8%B1%86%E8%82%89%E6%B2%AB%E7%85%B2%E4%BB%94%E9%A5%AD.png,北林信院新生手册·食堂,https://bjfu-book2.pages.dev/canteen/,2025-07-24,公开网页整理,校园食堂参考价,预估而非实测；NHC2024附录2交换份，明确配方假设：熟米饭250g；中脂肉（可食部生重）120g；蔬菜100g；烹调用油（实际入口估计）20g；糖8g；成品份量估计；能量=4×蛋白质+4×碳水+9×脂肪；纤维/钠未知；熟米饭250g，肉类可食部生重120g，油为估计入口量,"[""bjfu"",""东区"",""学一食堂"",""咖喱土豆肉末煲仔饭""]",一层,学一食堂,学生编写的新生手册；非实时在售证明,estimated,145.6,6.3,15.9,6.3,"{""components"":{""rice"":250,""pork"":120,""veg"":100,""oil"":20,""sugar"":8},""portionG"":500,""notes"":""熟米饭250g，肉类可食部生重120g，油为估计入口量""}",https://wjw.baoji.gov.cn/col2223/col2269/202403/P020241228641521653546.pdf
bjfu,北京林业大学,东区,东区食堂,虾仁鸡胸减脂餐,轻食,18.00,元/份,450,估计成品可食部约450g/份,"[""虾仁"",""鸡胸肉"",""生菜"",""西兰花"",""糙米""]","[""甲壳类""]",479,37.6,58.4,10.6,,,"[""清淡"",""高蛋白""]","[""校园餐饮""]",不辣,上架,/assets/beilin/%E8%99%BE%E4%BB%81%E9%B8%A1%E8%83%B8%E5%87%8F%E8%84%82%E9%A4%90.png,北林信院新生手册·食堂,https://bjfu-book2.pages.dev/canteen/,2025-07-24,公开网页整理,校园食堂参考价,预估而非实测；NHC2024附录2交换份，明确配方假设：熟米饭150g；瘦肉（可食部生重）100g；蔬菜220g；烹调用油（实际入口估计）6g；糖2g；虾仁70g；成品份量估计；能量=4×蛋白质+4×碳水+9×脂肪；纤维/钠未知；少油场景；去皮鸡胸按瘦肉交换份代理估算，酱汁另计，名称不能保证低脂,"[""bjfu"",""东区"",""学一食堂"",""虾仁鸡胸减脂餐""]",一层,学一食堂,学生编写的新生手册；非实时在售证明,estimated,106.4,8.4,13.0,2.4,"{""components"":{""rice"":150,""lean"":100,""veg"":220,""oil"":6,""sugar"":2,""shrimp"":70},""portionG"":450,""notes"":""少油场景；去皮鸡胸按瘦肉交换份代理估算，酱汁另计，名称不能保证低脂""}",https://wjw.baoji.gov.cn/col2223/col2269/202403/P020241228641521653546.pdf
bjfu,北京林业大学,东区,东区食堂,南昌拌粉,面食,14.00,元/份,450,估计成品可食部约450g/份,"[""米粉"",""花生"",""萝卜干"",""辣椒油"",""肉末""]","[""小麦"",""花生""]",706,20.6,87.6,30.3,,,"[""香辣"",""面食""]","[""校园餐饮""]",辣,上架,/assets/beilin/%E5%8D%97%E6%98%8C%E6%8B%8C%E7%B2%89.png,北林信院新生手册·食堂,https://bjfu-book2.pages.dev/canteen/,2025-07-24,公开网页整理,校园食堂参考价,预估而非实测；NHC2024附录2交换份，明确配方假设：谷物/面粉（干）100g；瘦肉（可食部生重）35g；蔬菜80g；坚果10g；烹调用油（实际入口估计）22g；糖4g；成品份量估计；能量=4×蛋白质+4×碳水+9×脂肪；纤维/钠未知；面粉/米粉按干重100g，成品面条含水；豌杂面另以杂豆替代20g主食,"[""bjfu"",""东区"",""学一食堂"",""南昌拌粉""]",一层,学一食堂,学生编写的新生手册；非实时在售证明,estimated,156.9,4.6,19.5,6.7,"{""components"":{""grain"":100,""lean"":35,""veg"":80,""nuts"":10,""oil"":22,""sugar"":4},""portionG"":450,""notes"":""面粉/米粉按干重100g，成品面条含水；豌杂面另以杂豆替代20g主食""}",https://wjw.baoji.gov.cn/col2223/col2269/202403/P020241228641521653546.pdf
bjfu,北京林业大学,东区,东区食堂,剁椒牛肉渣面,面食,16.00,元/份,450,估计成品可食部约450g/份,"[""小麦面"",""牛肉"",""剁椒"",""青菜""]","[""小麦""]",771,28.8,97.3,29.6,,,"[""香辣"",""面食""]","[""校园餐饮""]",辣,上架,/assets/beilin/%E5%89%81%E6%A4%92%E7%89%9B%E8%82%89%E6%B8%A3%E9%9D%A2.png,北林信院新生手册·食堂,https://bjfu-book2.pages.dev/canteen/,2025-07-24,公开网页整理,校园食堂参考价,预估而非实测；NHC2024附录2交换份，明确配方假设：谷物/面粉（干）110g；瘦肉（可食部生重）80g；蔬菜100g；烹调用油（实际入口估计）25g；糖6g；成品份量估计；能量=4×蛋白质+4×碳水+9×脂肪；纤维/钠未知；面粉干重110g，烹调用油25g，肉酱会有波动,"[""bjfu"",""东区"",""学一食堂"",""剁椒牛肉渣面""]",一层,清真食堂,学生编写的新生手册；非实时在售证明,estimated,171.3,6.4,21.6,6.6,"{""components"":{""grain"":110,""lean"":80,""veg"":100,""oil"":25,""sugar"":6},""portionG"":450,""notes"":""面粉干重110g，烹调用油25g，肉酱会有波动""}",https://wjw.baoji.gov.cn/col2223/col2269/202403/P020241228641521653546.pdf
bjfu,北京林业大学,东区,东区食堂,香菇牛肉酱拌面,面食,17.00,元/份,450,估计成品可食部约450g/份,"[""小麦面"",""牛肉"",""香菇"",""酱油""]","[""小麦"",""大豆""]",771,28.8,97.3,29.6,,,"[""咸鲜"",""面食""]","[""校园餐饮""]",不辣,上架,,北林信院新生手册·食堂,https://bjfu-book2.pages.dev/canteen/,2025-07-24,公开网页整理,校园食堂参考价,预估而非实测；NHC2024附录2交换份，明确配方假设：谷物/面粉（干）110g；瘦肉（可食部生重）80g；蔬菜100g；烹调用油（实际入口估计）25g；糖6g；成品份量估计；能量=4×蛋白质+4×碳水+9×脂肪；纤维/钠未知；面粉干重110g，烹调用油25g，肉酱会有波动,"[""bjfu"",""东区"",""学一食堂"",""香菇牛肉酱拌面""]",一层,清真食堂,学生编写的新生手册；非实时在售证明,estimated,171.3,6.4,21.6,6.6,"{""components"":{""grain"":110,""lean"":80,""veg"":100,""oil"":25,""sugar"":6},""portionG"":450,""notes"":""面粉干重110g，烹调用油25g，肉酱会有波动""}",https://wjw.baoji.gov.cn/col2223/col2269/202403/P020241228641521653546.pdf
bjfu,北京林业大学,东区,东区食堂,红烧牛肉面,面食,16.00,元/份,500,估计成品可食部约500g/份,"[""小麦面"",""牛肉"",""青菜"",""高汤""]","[""小麦""]",573,26.8,80.1,16.2,,,"[""咸鲜"",""面食""]","[""校园餐饮""]",不辣,上架,,北林信院新生手册·食堂,https://bjfu-book2.pages.dev/canteen/,2025-07-24,公开网页整理,校园食堂参考价,预估而非实测；NHC2024附录2交换份，明确配方假设：谷物/面粉（干）90g；瘦肉（可食部生重）80g；蔬菜100g；烹调用油（实际入口估计）12g；糖4g；成品份量估计；能量=4×蛋白质+4×碳水+9×脂肪；纤维/钠未知；粉/面按干重90g，含汤；主食干重按相近谷物交换份估算,"[""bjfu"",""东区"",""学一食堂"",""红烧牛肉面""]",一层,清真食堂,学生编写的新生手册；非实时在售证明,estimated,114.6,5.4,16.0,3.2,"{""components"":{""grain"":90,""lean"":80,""veg"":100,""oil"":12,""sugar"":4},""portionG"":500,""notes"":""粉/面按干重90g，含汤；主食干重按相近谷物交换份估算""}",https://wjw.baoji.gov.cn/col2223/col2269/202403/P020241228641521653546.pdf
bjfu,北京林业大学,东区,东区食堂,白切鸡饭,套餐,17.00,元/份,500,估计成品可食部约500g/份,"[""鸡肉"",""大米"",""青菜"",""姜葱汁""]",[],807,35.0,83.4,37.0,,,"[""清淡"",""下饭""]","[""校园餐饮""]",不辣,上架,,北林信院新生手册·食堂,https://bjfu-book2.pages.dev/canteen/,2025-07-24,公开网页整理,校园食堂参考价,预估而非实测；NHC2024附录2交换份，明确配方假设：熟米饭220g；禽肉（可食部生重）150g；蔬菜100g；薯芋类50g；烹调用油（实际入口估计）18g；糖8g；成品份量估计；能量=4×蛋白质+4×碳水+9×脂肪；纤维/钠未知；有米饭的菜按熟米饭220g；禽肉为可食部生重，包含一般带皮肉脂肪,"[""bjfu"",""东区"",""学一食堂"",""白切鸡饭""]",一层,清真食堂,学生编写的新生手册；非实时在售证明,estimated,161.4,7.0,16.7,7.4,"{""components"":{""rice"":220,""poultry"":150,""veg"":100,""potato"":50,""oil"":18,""sugar"":8},""portionG"":500,""notes"":""有米饭的菜按熟米饭220g；禽肉为可食部生重，包含一般带皮肉脂肪""}",https://wjw.baoji.gov.cn/col2223/col2269/202403/P020241228641521653546.pdf
bjfu,北京林业大学,东区,东区食堂,新疆烤包子,主食,7.00,元/份,350,估计成品可食部约350g/份,"[""小麦面粉"",""羊肉"",""洋葱"",""孜然""]","[""小麦""]",535,25.1,70.6,16.9,,,"[""咸鲜"",""烘焙""]","[""校园餐饮""]",不辣,上架,,北林信院新生手册·食堂,https://bjfu-book2.pages.dev/canteen/,2025-07-24,公开网页整理,校园食堂参考价,预估而非实测；NHC2024附录2交换份，明确配方假设：谷物/面粉（干）80g；中脂肉（可食部生重）80g；蔬菜100g；烹调用油（实际入口估计）8g；糖3g；成品份量估计；能量=4×蛋白质+4×碳水+9×脂肪；纤维/钠未知；粉按干重；小笼包约6只/份，其他饺/馄饨为一份示例，不含额外蘸料,"[""bjfu"",""东区"",""学一食堂"",""新疆烤包子""]",一层,清真食堂,学生编写的新生手册；非实时在售证明,estimated,152.9,7.2,20.2,4.8,"{""components"":{""grain"":80,""pork"":80,""veg"":100,""oil"":8,""sugar"":3},""portionG"":350,""notes"":""粉按干重；小笼包约6只/份，其他饺/馄饨为一份示例，不含额外蘸料""}",https://wjw.baoji.gov.cn/col2223/col2269/202403/P020241228641521653546.pdf
bjfu,北京林业大学,东区,东区食堂,辣子鸡,热菜,18.00,元/份,250,估计成品可食部约250g/份,"[""鸡肉"",""干辣椒"",""花椒"",""芝麻""]","[""芝麻""]",746,38.4,14.6,59.3,,,"[""香辣"",""下饭""]","[""校园餐饮""]",辣,上架,,北林信院新生手册·食堂,https://bjfu-book2.pages.dev/canteen/,2025-07-24,公开网页整理,校园食堂参考价,预估而非实测；NHC2024附录2交换份，明确配方假设：禽肉（可食部生重）200g；蔬菜60g；坚果10g；烹调用油（实际入口估计）30g；糖6g；成品份量估计；能量=4×蛋白质+4×碳水+9×脂肪；纤维/钠未知；禽肉为可食部生重，不含额外米饭,"[""bjfu"",""东区"",""学一食堂"",""辣子鸡""]",一层,清真食堂,学生编写的新生手册；非实时在售证明,estimated,298.4,15.4,5.8,23.7,"{""components"":{""poultry"":200,""veg"":60,""nuts"":10,""oil"":30,""sugar"":6},""portionG"":250,""notes"":""禽肉为可食部生重，不含额外米饭""}",https://wjw.baoji.gov.cn/col2223/col2269/202403/P020241228641521653546.pdf
bjfu,北京林业大学,东区,东区食堂,新疆手抓饭,套餐,18.00,元/份,500,估计成品可食部约500g/份,"[""大米"",""羊肉"",""胡萝卜"",""洋葱"",""葡萄干""]",[],671,32.5,81.0,24.1,,,"[""咸鲜"",""下饭""]","[""校园餐饮""]",不辣,上架,,北林信院新生手册·食堂,https://bjfu-book2.pages.dev/canteen/,2025-07-24,公开网页整理,校园食堂参考价,预估而非实测；NHC2024附录2交换份，明确配方假设：熟米饭250g；蔬菜100g；烹调用油（实际入口估计）20g；糖8g；瘦肉（可食部生重）120g；成品份量估计；能量=4×蛋白质+4×碳水+9×脂肪；纤维/钠未知；熟米饭250g，肉类可食部生重120g，油为估计入口量,"[""bjfu"",""东区"",""学一食堂"",""新疆手抓饭""]",一层,清真食堂,学生编写的新生手册；非实时在售证明,estimated,134.2,6.5,16.2,4.8,"{""components"":{""rice"":250,""veg"":100,""oil"":20,""sugar"":8,""lean"":120},""portionG"":500,""notes"":""熟米饭250g，肉类可食部生重120g，油为估计入口量""}",https://wjw.baoji.gov.cn/col2223/col2269/202403/P020241228641521653546.pdf
bjfu,北京林业大学,东区,东区食堂,鲜肉小馄饨,面食,12.00,元/份,350,估计成品可食部约350g/份,"[""猪肉"",""小麦面皮"",""紫菜"",""葱花""]","[""小麦""]",535,25.1,70.6,16.9,,,"[""清淡"",""面食""]","[""校园餐饮""]",不辣,上架,,北林信院新生手册·食堂,https://bjfu-book2.pages.dev/canteen/,2025-07-24,公开网页整理,校园食堂参考价,预估而非实测；NHC2024附录2交换份，明确配方假设：谷物/面粉（干）80g；中脂肉（可食部生重）80g；蔬菜100g；烹调用油（实际入口估计）8g；糖3g；成品份量估计；能量=4×蛋白质+4×碳水+9×脂肪；纤维/钠未知；粉按干重；小笼包约6只/份，其他饺/馄饨为一份示例，不含额外蘸料,"[""bjfu"",""东区"",""学一食堂"",""鲜肉小馄饨""]",二层,禾园餐厅,学生编写的新生手册；非实时在售证明,estimated,152.9,7.2,20.2,4.8,"{""components"":{""grain"":80,""pork"":80,""veg"":100,""oil"":8,""sugar"":3},""portionG"":350,""notes"":""粉按干重；小笼包约6只/份，其他饺/馄饨为一份示例，不含额外蘸料""}",https://wjw.baoji.gov.cn/col2223/col2269/202403/P020241228641521653546.pdf
bjfu,北京林业大学,东区,东区食堂,鸡架拌面,面食,14.00,元/份,500,估计成品可食部约500g/份,"[""小麦面"",""鸡架肉"",""辣椒油"",""花生碎""]","[""小麦"",""花生""]",912,39.2,102.5,38.4,,,"[""香辣"",""面食""]","[""校园餐饮""]",辣,上架,,北林信院新生手册·食堂,https://bjfu-book2.pages.dev/canteen/,2025-07-24,公开网页整理,校园食堂参考价,预估而非实测；NHC2024附录2交换份，明确配方假设：禽肉（可食部生重）150g；蔬菜100g；薯芋类50g；烹调用油（实际入口估计）18g；糖8g；谷物/面粉（干）100g；成品份量估计；能量=4×蛋白质+4×碳水+9×脂肪；纤维/钠未知；有米饭的菜按熟米饭220g；禽肉为可食部生重，包含一般带皮肉脂肪,"[""bjfu"",""东区"",""学一食堂"",""鸡架拌面""]",二层,禾园餐厅,学生编写的新生手册；非实时在售证明,estimated,182.4,7.8,20.5,7.7,"{""components"":{""poultry"":150,""veg"":100,""potato"":50,""oil"":18,""sugar"":8,""grain"":100},""portionG"":500,""notes"":""有米饭的菜按熟米饭220g；禽肉为可食部生重，包含一般带皮肉脂肪""}",https://wjw.baoji.gov.cn/col2223/col2269/202403/P020241228641521653546.pdf
bjfu,北京林业大学,东区,东区食堂,金汤鱼片,热菜,18.00,元/份,400,估计成品可食部约400g/份,"[""鱼片"",""酸菜"",""南瓜"",""菌菇""]","[""鱼类""]",566,43.4,19.5,34.9,,,"[""酸辣"",""高蛋白""]","[""校园餐饮""]",辣,上架,,北林信院新生手册·食堂,https://bjfu-book2.pages.dev/canteen/,2025-07-24,公开网页整理,校园食堂参考价,预估而非实测；NHC2024附录2交换份，明确配方假设：鱼肉（可食部）220g；蔬菜180g；烹调用油（实际入口估计）25g；糖5g；成品份量估计；能量=4×蛋白质+4×碳水+9×脂肪；纤维/钠未知；鱼肉可食部，不含骨和额外米饭,"[""bjfu"",""东区"",""学一食堂"",""金汤鱼片""]",二层,禾园餐厅,学生编写的新生手册；非实时在售证明,estimated,141.5,10.8,4.9,8.7,"{""components"":{""fish"":220,""veg"":180,""oil"":25,""sugar"":5},""portionG"":400,""notes"":""鱼肉可食部，不含骨和额外米饭""}",https://wjw.baoji.gov.cn/col2223/col2269/202403/P020241228641521653546.pdf
bjfu,北京林业大学,东区,东区食堂,荠菜大馄饨,面食,14.00,元/份,350,估计成品可食部约350g/份,"[""荠菜"",""猪肉"",""小麦面皮"",""葱""]","[""小麦""]",535,25.1,70.6,16.9,,,"[""清淡"",""面食""]","[""校园餐饮""]",不辣,上架,,北林信院新生手册·食堂,https://bjfu-book2.pages.dev/canteen/,2025-07-24,公开网页整理,校园食堂参考价,预估而非实测；NHC2024附录2交换份，明确配方假设：谷物/面粉（干）80g；中脂肉（可食部生重）80g；蔬菜100g；烹调用油（实际入口估计）8g；糖3g；成品份量估计；能量=4×蛋白质+4×碳水+9×脂肪；纤维/钠未知；粉按干重；小笼包约6只/份，其他饺/馄饨为一份示例，不含额外蘸料,"[""bjfu"",""东区"",""学一食堂"",""荠菜大馄饨""]",二层,禾园餐厅,学生编写的新生手册；非实时在售证明,estimated,152.9,7.2,20.2,4.8,"{""components"":{""grain"":80,""pork"":80,""veg"":100,""oil"":8,""sugar"":3},""portionG"":350,""notes"":""粉按干重；小笼包约6只/份，其他饺/馄饨为一份示例，不含额外蘸料""}",https://wjw.baoji.gov.cn/col2223/col2269/202403/P020241228641521653546.pdf
bjfu,北京林业大学,东区,东区食堂,土豆泥拌面,面食,13.00,元/份,450,估计成品可食部约450g/份,"[""小麦面"",""土豆"",""牛奶"",""黑胡椒""]","[""小麦"",""乳制品""]",790,28.5,97.2,31.9,,,"[""咸鲜"",""面食""]","[""校园餐饮""]",不辣,上架,,北林信院新生手册·食堂,https://bjfu-book2.pages.dev/canteen/,2025-07-24,公开网页整理,校园食堂参考价,预估而非实测；NHC2024附录2交换份，明确配方假设：谷物/面粉（干）80g；薯芋类150g；禽肉（可食部生重）100g；烹调用油（实际入口估计）18g；糖5g；成品份量估计；能量=4×蛋白质+4×碳水+9×脂肪；纤维/钠未知；,"[""bjfu"",""东区"",""学一食堂"",""土豆泥拌面""]",二层,禾园餐厅,学生编写的新生手册；非实时在售证明,estimated,175.6,6.3,21.6,7.1,"{""components"":{""grain"":80,""potato"":150,""poultry"":100,""oil"":18,""sugar"":5},""portionG"":450,""notes"":""""}",https://wjw.baoji.gov.cn/col2223/col2269/202403/P020241228641521653546.pdf
bjfu,北京林业大学,东区,东区食堂,椰子鸡,热菜,24.00,元/份,500,估计成品可食部约500g/份,"[""鸡肉"",""椰子水"",""椰肉"",""红枣""]",[],439,34.8,14.3,27.0,,,"[""清淡"",""炖菜""]","[""校园餐饮""]",不辣,上架,,北林信院新生手册·食堂,https://bjfu-book2.pages.dev/canteen/,2025-07-24,公开网页整理,校园食堂参考价,预估而非实测；NHC2024附录2交换份，明确配方假设：禽肉（可食部生重）180g；鲜菌菇100g；水果50g；烹调用油（实际入口估计）5g；成品份量估计；能量=4×蛋白质+4×碳水+9×脂肪；纤维/钠未知；含汤；椰汁暂按水果交换代理，不是含骨整鸡重量,"[""bjfu"",""东区"",""学一食堂"",""椰子鸡""]",二层,禾园餐厅,学生编写的新生手册；非实时在售证明,estimated,87.8,7.0,2.9,5.4,"{""components"":{""poultry"":180,""mushroom"":100,""fruit"":50,""oil"":5},""portionG"":500,""notes"":""含汤；椰汁暂按水果交换代理，不是含骨整鸡重量""}",https://wjw.baoji.gov.cn/col2223/col2269/202403/P020241228641521653546.pdf
bjfu,北京林业大学,东区,东区食堂,肠粉,主食,10.00,元/份,350,估计成品可食部约350g/份,"[""大米浆"",""鸡蛋"",""虾仁"",""酱油""]","[""鸡蛋"",""大豆"",""甲壳类""]",592,19.8,69.8,26.0,,,"[""咸鲜"",""蒸制""]","[""校园餐饮""]",不辣,上架,,北林信院新生手册·食堂,https://bjfu-book2.pages.dev/canteen/,2025-07-24,公开网页整理,校园食堂参考价,预估而非实测；NHC2024附录2交换份，明确配方假设：淀粉/粉条（干）70g；中脂肉（可食部生重）60g；鸡蛋50g；蔬菜60g；烹调用油（实际入口估计）15g；糖5g；成品份量估计；能量=4×蛋白质+4×碳水+9×脂肪；纤维/钠未知；,"[""bjfu"",""东区"",""学一食堂"",""肠粉""]",二层,禾园餐厅,学生编写的新生手册；非实时在售证明,estimated,169.1,5.7,19.9,7.4,"{""components"":{""starch"":70,""pork"":60,""egg"":50,""veg"":60,""oil"":15,""sugar"":5},""portionG"":350,""notes"":""""}",https://wjw.baoji.gov.cn/col2223/col2269/202403/P020241228641521653546.pdf
bjfu,北京林业大学,东区,东区教职工食堂,蓝莓山药,甜品,9.00,元/份,250,估计成品可食部约250g/份,"[""山药"",""蓝莓酱"",""蜂蜜""]",[],263,4.1,60.3,0.6,,,"[""甜香"",""素食""]","[""校园餐饮""]",不辣,上架,,北林信院新生手册·食堂,https://bjfu-book2.pages.dev/canteen/,2025-07-24,公开网页整理,校园食堂参考价,预估而非实测；NHC2024附录2交换份，明确配方假设：薯芋类200g；水果40g；糖15g；成品份量估计；能量=4×蛋白质+4×碳水+9×脂肪；纤维/钠未知；,"[""bjfu"",""东区"",""学一食堂"",""蓝莓山药""]",二层,教工食堂,学生编写的新生手册；非实时在售证明,estimated,105.2,1.6,24.1,0.2,"{""components"":{""potato"":200,""fruit"":40,""sugar"":15},""portionG"":250,""notes"":""""}",https://wjw.baoji.gov.cn/col2223/col2269/202403/P020241228641521653546.pdf
bjfu,北京林业大学,东区,东区教职工食堂,鲜虾阳春面,面食,17.00,元/份,500,估计成品可食部约500g/份,"[""小麦面"",""虾仁"",""青菜"",""高汤""]","[""小麦"",""甲壳类""]",563,24.5,81.5,15.4,,,"[""清淡"",""面食""]","[""校园餐饮""]",不辣,上架,,北林信院新生手册·食堂,https://bjfu-book2.pages.dev/canteen/,2025-07-24,公开网页整理,校园食堂参考价,预估而非实测；NHC2024附录2交换份，明确配方假设：谷物/面粉（干）90g；蔬菜100g；烹调用油（实际入口估计）12g；糖4g；虾仁100g；成品份量估计；能量=4×蛋白质+4×碳水+9×脂肪；纤维/钠未知；粉/面按干重90g，含汤；主食干重按相近谷物交换份估算,"[""bjfu"",""东区"",""学一食堂"",""鲜虾阳春面""]",二层,教工食堂,学生编写的新生手册；非实时在售证明,estimated,112.6,4.9,16.3,3.1,"{""components"":{""grain"":90,""veg"":100,""oil"":12,""sugar"":4,""shrimp"":100},""portionG"":500,""notes"":""粉/面按干重90g，含汤；主食干重按相近谷物交换份估算""}",https://wjw.baoji.gov.cn/col2223/col2269/202403/P020241228641521653546.pdf
bjfu,北京林业大学,东区,东区食堂,烧鸭饭,套餐,20.00,元/份,500,估计成品可食部约500g/份,"[""鸭肉"",""大米"",""白菜"",""酱汁""]",[],899,26.5,81.9,51.7,,,"[""咸鲜"",""下饭""]","[""校园餐饮""]",不辣,上架,,北林信院新生手册·食堂,https://bjfu-book2.pages.dev/canteen/,2025-07-24,公开网页整理,校园食堂参考价,预估而非实测；NHC2024附录2交换份，明确配方假设：熟米饭250g；蔬菜100g；烹调用油（实际入口估计）20g；糖8g；高脂肉（可食部生重）120g；成品份量估计；能量=4×蛋白质+4×碳水+9×脂肪；纤维/钠未知；熟米饭250g，肉类可食部生重120g，油为估计入口量,"[""bjfu"",""东区"",""学一食堂"",""烧鸭饭""]",三层,林园餐厅,学生编写的新生手册；非实时在售证明,estimated,179.8,5.3,16.4,10.3,"{""components"":{""rice"":250,""veg"":100,""oil"":20,""sugar"":8,""fatty"":120},""portionG"":500,""notes"":""熟米饭250g，肉类可食部生重120g，油为估计入口量""}",https://wjw.baoji.gov.cn/col2223/col2269/202403/P020241228641521653546.pdf
bjfu,北京林业大学,东区,东区食堂,大同刀削面,面食,15.00,元/份,500,估计成品可食部约500g/份,"[""小麦面"",""牛肉"",""番茄"",""青菜""]","[""小麦""]",573,26.8,80.1,16.2,,,"[""咸鲜"",""面食""]","[""校园餐饮""]",不辣,上架,,北林信院新生手册·食堂,https://bjfu-book2.pages.dev/canteen/,2025-07-24,公开网页整理,校园食堂参考价,预估而非实测；NHC2024附录2交换份，明确配方假设：谷物/面粉（干）90g；瘦肉（可食部生重）80g；蔬菜100g；烹调用油（实际入口估计）12g；糖4g；成品份量估计；能量=4×蛋白质+4×碳水+9×脂肪；纤维/钠未知；粉/面按干重90g，含汤；主食干重按相近谷物交换份估算,"[""bjfu"",""东区"",""学一食堂"",""大同刀削面""]",三层,林园餐厅,学生编写的新生手册；非实时在售证明,estimated,114.6,5.4,16.0,3.2,"{""components"":{""grain"":90,""lean"":80,""veg"":100,""oil"":12,""sugar"":4},""portionG"":500,""notes"":""粉/面按干重90g，含汤；主食干重按相近谷物交换份估算""}",https://wjw.baoji.gov.cn/col2223/col2269/202403/P020241228641521653546.pdf
bjfu,北京林业大学,东区,东区食堂,铁板牛肉饭,套餐,19.00,元/份,500,估计成品可食部约500g/份,"[""牛肉"",""大米"",""洋葱"",""青椒"",""黑椒酱""]",[],671,32.5,81.0,24.1,,,"[""咸鲜"",""下饭""]","[""校园餐饮""]",不辣,上架,,北林信院新生手册·食堂,https://bjfu-book2.pages.dev/canteen/,2025-07-24,公开网页整理,校园食堂参考价,预估而非实测；NHC2024附录2交换份，明确配方假设：熟米饭250g；蔬菜100g；烹调用油（实际入口估计）20g；糖8g；瘦肉（可食部生重）120g；成品份量估计；能量=4×蛋白质+4×碳水+9×脂肪；纤维/钠未知；熟米饭250g，肉类可食部生重120g，油为估计入口量,"[""bjfu"",""东区"",""学一食堂"",""铁板牛肉饭""]",三层,林园餐厅,学生编写的新生手册；非实时在售证明,estimated,134.2,6.5,16.2,4.8,"{""components"":{""rice"":250,""veg"":100,""oil"":20,""sugar"":8,""lean"":120},""portionG"":500,""notes"":""熟米饭250g，肉类可食部生重120g，油为估计入口量""}",https://wjw.baoji.gov.cn/col2223/col2269/202403/P020241228641521653546.pdf
bjfu,北京林业大学,东区,东区食堂,椒麻鸡,热菜,18.00,元/份,250,估计成品可食部约250g/份,"[""鸡肉"",""花椒"",""辣椒油"",""芝麻""]","[""芝麻""]",746,38.4,14.6,59.3,,,"[""香辣"",""下饭""]","[""校园餐饮""]",辣,上架,,北林信院新生手册·食堂,https://bjfu-book2.pages.dev/canteen/,2025-07-24,公开网页整理,校园食堂参考价,预估而非实测；NHC2024附录2交换份，明确配方假设：禽肉（可食部生重）200g；蔬菜60g；坚果10g；烹调用油（实际入口估计）30g；糖6g；成品份量估计；能量=4×蛋白质+4×碳水+9×脂肪；纤维/钠未知；禽肉为可食部生重，不含额外米饭,"[""bjfu"",""东区"",""学一食堂"",""椒麻鸡""]",三层,林园餐厅,学生编写的新生手册；非实时在售证明,estimated,298.4,15.4,5.8,23.7,"{""components"":{""poultry"":200,""veg"":60,""nuts"":10,""oil"":30,""sugar"":6},""portionG"":250,""notes"":""禽肉为可食部生重，不含额外米饭""}",https://wjw.baoji.gov.cn/col2223/col2269/202403/P020241228641521653546.pdf
bjfu,北京林业大学,东区,东区食堂,口水鸡,热菜,18.00,元/份,250,估计成品可食部约250g/份,"[""鸡肉"",""花生"",""芝麻"",""辣椒油""]","[""花生"",""芝麻""]",746,38.4,14.6,59.3,,,"[""香辣"",""下饭""]","[""校园餐饮""]",辣,上架,,北林信院新生手册·食堂,https://bjfu-book2.pages.dev/canteen/,2025-07-24,公开网页整理,校园食堂参考价,预估而非实测；NHC2024附录2交换份，明确配方假设：禽肉（可食部生重）200g；蔬菜60g；坚果10g；烹调用油（实际入口估计）30g；糖6g；成品份量估计；能量=4×蛋白质+4×碳水+9×脂肪；纤维/钠未知；禽肉为可食部生重，不含额外米饭,"[""bjfu"",""东区"",""学一食堂"",""口水鸡""]",三层,林园餐厅,学生编写的新生手册；非实时在售证明,estimated,298.4,15.4,5.8,23.7,"{""components"":{""poultry"":200,""veg"":60,""nuts"":10,""oil"":30,""sugar"":6},""portionG"":250,""notes"":""禽肉为可食部生重，不含额外米饭""}",https://wjw.baoji.gov.cn/col2223/col2269/202403/P020241228641521653546.pdf
bjfu,北京林业大学,东区,东区食堂,椒麻土豆片,热菜,8.00,元/份,220,估计成品可食部约220g/份,"[""土豆"",""花椒"",""辣椒油"",""香菜""]",[],378,4.2,49.0,18.4,,,"[""香辣"",""素食""]","[""校园餐饮""]",辣,上架,,北林信院新生手册·食堂,https://bjfu-book2.pages.dev/canteen/,2025-07-24,公开网页整理,校园食堂参考价,预估而非实测；NHC2024附录2交换份，明确配方假设：薯芋类220g；烹调用油（实际入口估计）18g；糖5g；成品份量估计；能量=4×蛋白质+4×碳水+9×脂肪；纤维/钠未知；,"[""bjfu"",""东区"",""学一食堂"",""椒麻土豆片""]",三层,林园餐厅,学生编写的新生手册；非实时在售证明,estimated,171.8,1.9,22.3,8.4,"{""components"":{""potato"":220,""oil"":18,""sugar"":5},""portionG"":220,""notes"":""""}",https://wjw.baoji.gov.cn/col2223/col2269/202403/P020241228641521653546.pdf
bjfu,北京林业大学,东区,东区食堂,三合一拌面,面食,16.00,元/份,450,估计成品可食部约450g/份,"[""小麦面"",""牛肉"",""鸡蛋"",""豆芽"",""酱汁""]","[""小麦"",""鸡蛋""]",771,28.8,97.3,29.6,,,"[""咸鲜"",""面食""]","[""校园餐饮""]",不辣,上架,,北林信院新生手册·食堂,https://bjfu-book2.pages.dev/canteen/,2025-07-24,公开网页整理,校园食堂参考价,预估而非实测；NHC2024附录2交换份，明确配方假设：谷物/面粉（干）110g；瘦肉（可食部生重）80g；蔬菜100g；烹调用油（实际入口估计）25g；糖6g；成品份量估计；能量=4×蛋白质+4×碳水+9×脂肪；纤维/钠未知；面粉干重110g，烹调用油25g，肉酱会有波动,"[""bjfu"",""东区"",""学一食堂"",""三合一拌面""]",三层,林园餐厅,学生编写的新生手册；非实时在售证明,estimated,171.3,6.4,21.6,6.6,"{""components"":{""grain"":110,""lean"":80,""veg"":100,""oil"":25,""sugar"":6},""portionG"":450,""notes"":""面粉干重110g，烹调用油25g，肉酱会有波动""}",https://wjw.baoji.gov.cn/col2223/col2269/202403/P020241228641521653546.pdf
bjfu,北京林业大学,东区,东区食堂,瓦香鸡,热菜,18.00,元/份,500,估计成品可食部约500g/份,"[""鸡肉"",""菌菇"",""青椒"",""瓦香酱""]",[],807,35.0,83.4,37.0,,,"[""香辣"",""下饭""]","[""校园餐饮""]",辣,上架,,北林信院新生手册·食堂,https://bjfu-book2.pages.dev/canteen/,2025-07-24,公开网页整理,校园食堂参考价,预估而非实测；NHC2024附录2交换份，明确配方假设：熟米饭220g；禽肉（可食部生重）150g；蔬菜100g；薯芋类50g；烹调用油（实际入口估计）18g；糖8g；成品份量估计；能量=4×蛋白质+4×碳水+9×脂肪；纤维/钠未知；有米饭的菜按熟米饭220g；禽肉为可食部生重，包含一般带皮肉脂肪,"[""bjfu"",""东区"",""学一食堂"",""瓦香鸡""]",三层,林园餐厅,学生编写的新生手册；非实时在售证明,estimated,161.4,7.0,16.7,7.4,"{""components"":{""rice"":220,""poultry"":150,""veg"":100,""potato"":50,""oil"":18,""sugar"":8},""portionG"":500,""notes"":""有米饭的菜按熟米饭220g；禽肉为可食部生重，包含一般带皮肉脂肪""}",https://wjw.baoji.gov.cn/col2223/col2269/202403/P020241228641521653546.pdf
bjfu,北京林业大学,东区,东区食堂,瓦香肥牛,热菜,20.00,元/份,500,估计成品可食部约500g/份,"[""肥牛"",""菌菇"",""青椒"",""瓦香酱""]",[],899,26.5,81.9,51.7,,,"[""香辣"",""下饭""]","[""校园餐饮""]",辣,上架,,北林信院新生手册·食堂,https://bjfu-book2.pages.dev/canteen/,2025-07-24,公开网页整理,校园食堂参考价,预估而非实测；NHC2024附录2交换份，明确配方假设：熟米饭250g；蔬菜100g；烹调用油（实际入口估计）20g；糖8g；高脂肉（可食部生重）120g；成品份量估计；能量=4×蛋白质+4×碳水+9×脂肪；纤维/钠未知；熟米饭250g，肉类可食部生重120g，油为估计入口量,"[""bjfu"",""东区"",""学一食堂"",""瓦香肥牛""]",三层,林园餐厅,学生编写的新生手册；非实时在售证明,estimated,179.8,5.3,16.4,10.3,"{""components"":{""rice"":250,""veg"":100,""oil"":20,""sugar"":8,""fatty"":120},""portionG"":500,""notes"":""熟米饭250g，肉类可食部生重120g，油为估计入口量""}",https://wjw.baoji.gov.cn/col2223/col2269/202403/P020241228641521653546.pdf
bjfu,北京林业大学,东区,东区食堂,酸豆角肉沫盖饭,套餐,15.00,元/份,500,估计成品可食部约500g/份,"[""大米"",""酸豆角"",""猪肉末"",""青椒""]",[],728,31.5,79.7,31.5,,,"[""酸辣"",""下饭""]","[""校园餐饮""]",辣,上架,,北林信院新生手册·食堂,https://bjfu-book2.pages.dev/canteen/,2025-07-24,公开网页整理,校园食堂参考价,预估而非实测；NHC2024附录2交换份，明确配方假设：熟米饭250g；中脂肉（可食部生重）120g；蔬菜100g；烹调用油（实际入口估计）20g；糖8g；成品份量估计；能量=4×蛋白质+4×碳水+9×脂肪；纤维/钠未知；熟米饭250g，肉类可食部生重120g，油为估计入口量,"[""bjfu"",""东区"",""学一食堂"",""酸豆角肉沫盖饭""]",三层,林园餐厅,学生编写的新生手册；非实时在售证明,estimated,145.6,6.3,15.9,6.3,"{""components"":{""rice"":250,""pork"":120,""veg"":100,""oil"":20,""sugar"":8},""portionG"":500,""notes"":""熟米饭250g，肉类可食部生重120g，油为估计入口量""}",https://wjw.baoji.gov.cn/col2223/col2269/202403/P020241228641521653546.pdf
bjfu,北京林业大学,东区,东区食堂,金汤鱼粉,面食,17.00,元/份,500,估计成品可食部约500g/份,"[""米粉"",""鱼片"",""酸菜"",""金汤底""]","[""小麦"",""鱼类""]",672,23.2,82.5,27.7,,,"[""酸辣"",""面食""]","[""校园餐饮""]",辣,上架,,北林信院新生手册·食堂,https://bjfu-book2.pages.dev/canteen/,2025-07-24,公开网页整理,校园食堂参考价,预估而非实测；NHC2024附录2交换份，明确配方假设：淀粉/粉条（干）80g；鱼肉（可食部）100g；蔬菜100g；坚果10g；烹调用油（实际入口估计）18g；糖5g；成品份量估计；能量=4×蛋白质+4×碳水+9×脂肪；纤维/钠未知；粉按干重80g，不含额外米饭,"[""bjfu"",""东区"",""学一食堂"",""金汤鱼粉""]",三层,林园餐厅,学生编写的新生手册；非实时在售证明,estimated,134.4,4.6,16.5,5.5,"{""components"":{""starch"":80,""fish"":100,""veg"":100,""nuts"":10,""oil"":18,""sugar"":5},""portionG"":500,""notes"":""粉按干重80g，不含额外米饭""}",https://wjw.baoji.gov.cn/col2223/col2269/202403/P020241228641521653546.pdf
bjfu,北京林业大学,东区,东区食堂,饺子,主食,14.00,元/份,350,估计成品可食部约350g/份,"[""小麦面粉"",""猪肉"",""白菜"",""葱""]","[""小麦""]",535,25.1,70.6,16.9,,,"[""咸鲜"",""蒸制""]","[""校园餐饮""]",不辣,上架,,北林信院新生手册·食堂,https://bjfu-book2.pages.dev/canteen/,2025-07-24,公开网页整理,校园食堂参考价,预估而非实测；NHC2024附录2交换份，明确配方假设：谷物/面粉（干）80g；中脂肉（可食部生重）80g；蔬菜100g；烹调用油（实际入口估计）8g；糖3g；成品份量估计；能量=4×蛋白质+4×碳水+9×脂肪；纤维/钠未知；粉按干重；小笼包约6只/份，其他饺/馄饨为一份示例，不含额外蘸料,"[""bjfu"",""东区"",""学一食堂"",""饺子""]",三层,林园餐厅,学生编写的新生手册；非实时在售证明,estimated,152.9,7.2,20.2,4.8,"{""components"":{""grain"":80,""pork"":80,""veg"":100,""oil"":8,""sugar"":3},""portionG"":350,""notes"":""粉按干重；小笼包约6只/份，其他饺/馄饨为一份示例，不含额外蘸料""}",https://wjw.baoji.gov.cn/col2223/col2269/202403/P020241228641521653546.pdf
bjfu,北京林业大学,东区,东区食堂,淀粉肠,小吃,5.00,元/份,80,估计成品可食部约80g/份,"[""淀粉"",""鸡肉"",""香辛料""]","[""小麦""]",197,5.1,21.3,10.2,,,"[""咸鲜"",""小吃""]","[""校园餐饮""]",不辣,上架,,北林信院新生手册·食堂,https://bjfu-book2.pages.dev/canteen/,2025-07-24,公开网页整理,校园食堂参考价,预估而非实测；NHC2024附录2交换份，明确配方假设：淀粉/粉条（干）25g；中脂肉（可食部生重）25g；烹调用油（实际入口估计）8g；成品份量估计；能量=4×蛋白质+4×碳水+9×脂肪；纤维/钠未知；未获得包装标签，配方不可确定；此代理值仅供参考,"[""bjfu"",""东区"",""学一食堂"",""淀粉肠""]",三层,林园餐厅,学生编写的新生手册；非实时在售证明,estimated,246.2,6.4,26.6,12.7,"{""components"":{""starch"":25,""pork"":25,""oil"":8},""portionG"":80,""notes"":""未获得包装标签，配方不可确定；此代理值仅供参考""}",https://wjw.baoji.gov.cn/col2223/col2269/202403/P020241228641521653546.pdf
bjfu,北京林业大学,东区,东区食堂,清补凉,饮品,12.00,元/份,350,估计成品可食部约350g/份,"[""椰奶"",""绿豆"",""红豆"",""薏米"",""西瓜""]",[],237,4.9,52.7,0.7,,,"[""甜香"",""饮品""]","[""校园餐饮""]",不辣,上架,,北林信院新生手册·食堂,https://bjfu-book2.pages.dev/canteen/,2025-07-24,公开网页整理,校园食堂参考价,预估而非实测；NHC2024附录2交换份，明确配方假设：杂豆（干）20g；水果80g；糖30g；成品份量估计；能量=4×蛋白质+4×碳水+9×脂肪；纤维/钠未知；杂豆按干重，含糖30g为场景估计,"[""bjfu"",""东区"",""学一食堂"",""清补凉""]",三层,林园餐厅,学生编写的新生手册；非实时在售证明,estimated,67.7,1.4,15.1,0.2,"{""components"":{""bean"":20,""fruit"":80,""sugar"":30},""portionG"":350,""notes"":""杂豆按干重，含糖30g为场景估计""}",https://wjw.baoji.gov.cn/col2223/col2269/202403/P020241228641521653546.pdf
bjfu,北京林业大学,东区,东区食堂,酱香饼,主食,6.00,元/份,220,估计成品可食部约220g/份,"[""小麦面粉"",""甜面酱"",""芝麻"",""葱""]","[""小麦"",""芝麻""]",644,16.6,76.0,30.4,,,"[""咸鲜"",""煎制""]","[""校园餐饮""]",不辣,上架,,北林信院新生手册·食堂,https://bjfu-book2.pages.dev/canteen/,2025-07-24,公开网页整理,校园食堂参考价,预估而非实测；NHC2024附录2交换份，明确配方假设：谷物/面粉（干）90g；鸡蛋60g；烹调用油（实际入口估计）22g；糖6g；成品份量估计；能量=4×蛋白质+4×碳水+9×脂肪；纤维/钠未知；油含炸物吸油/烙饼实际入口量的场景估计,"[""bjfu"",""东区"",""学一食堂"",""酱香饼""]",三层,林园餐厅,学生编写的新生手册；非实时在售证明,estimated,292.7,7.5,34.5,13.8,"{""components"":{""grain"":90,""egg"":60,""oil"":22,""sugar"":6},""portionG"":220,""notes"":""油含炸物吸油/烙饼实际入口量的场景估计""}",https://wjw.baoji.gov.cn/col2223/col2269/202403/P020241228641521653546.pdf
bjfu,北京林业大学,东区,东区食堂,绿豆百合粥,粥品,8.00,元/份,300,估计成品可食部约300g/份,"[""绿豆"",""百合"",""大米"",""冰糖""]",[],162,5.8,33.0,0.8,,,"[""清淡"",""早餐""]","[""校园餐饮""]",不辣,上架,,北林信院新生手册·食堂,https://bjfu-book2.pages.dev/canteen/,2025-07-24,公开网页整理,校园食堂参考价,预估而非实测；NHC2024附录2交换份，明确配方假设：谷物/面粉（干）25g；杂豆（干）15g；糖5g；成品份量估计；能量=4×蛋白质+4×碳水+9×脂肪；纤维/钠未知；谷物杂豆均为干重；粥不含默认糖,"[""bjfu"",""东区"",""学一食堂"",""绿豆百合粥""]",三层,林园餐厅,学生编写的新生手册；非实时在售证明,estimated,54.0,1.9,11.0,0.3,"{""components"":{""grain"":25,""bean"":15,""sugar"":5},""portionG"":300,""notes"":""谷物杂豆均为干重；粥不含默认糖""}",https://wjw.baoji.gov.cn/col2223/col2269/202403/P020241228641521653546.pdf
bjfu,北京林业大学,东区,东区食堂,砂锅土豆粉,面食,15.00,元/份,500,估计成品可食部约500g/份,"[""土豆粉"",""青菜"",""花生碎"",""菌菇""]","[""小麦"",""花生""]",672,23.2,82.5,27.7,,,"[""酸辣"",""面食""]","[""校园餐饮""]",辣,上架,,北林信院新生手册·食堂,https://bjfu-book2.pages.dev/canteen/,2025-07-24,公开网页整理,校园食堂参考价,预估而非实测；NHC2024附录2交换份，明确配方假设：淀粉/粉条（干）80g；鱼肉（可食部）100g；蔬菜100g；坚果10g；烹调用油（实际入口估计）18g；糖5g；成品份量估计；能量=4×蛋白质+4×碳水+9×脂肪；纤维/钠未知；粉按干重80g，不含额外米饭,"[""bjfu"",""东区"",""学一食堂"",""砂锅土豆粉""]",三层,林园餐厅,学生编写的新生手册；非实时在售证明,estimated,134.4,4.6,16.5,5.5,"{""components"":{""starch"":80,""fish"":100,""veg"":100,""nuts"":10,""oil"":18,""sugar"":5},""portionG"":500,""notes"":""粉按干重80g，不含额外米饭""}",https://wjw.baoji.gov.cn/col2223/col2269/202403/P020241228641521653546.pdf
bjfu,北京林业大学,东区,东区食堂,豆花烤鱼饭,套餐,22.00,元/份,500,估计成品可食部约500g/份,"[""鱼肉"",""豆花"",""大米"",""青菜"",""辣椒""]","[""鱼类""]",774,41.3,73.9,34.8,,,"[""香辣"",""下饭""]","[""校园餐饮""]",辣,上架,,北林信院新生手册·食堂,https://bjfu-book2.pages.dev/canteen/,2025-07-24,公开网页整理,校园食堂参考价,预估而非实测；NHC2024附录2交换份，明确配方假设：熟米饭220g；鱼肉（可食部）150g；南豆腐100g；蔬菜100g；烹调用油（实际入口估计）25g；糖6g；成品份量估计；能量=4×蛋白质+4×碳水+9×脂肪；纤维/钠未知；,"[""bjfu"",""东区"",""学一食堂"",""豆花烤鱼饭""]",三层,林园餐厅,学生编写的新生手册；非实时在售证明,estimated,154.8,8.3,14.8,7.0,"{""components"":{""rice"":220,""fish"":150,""softtofu"":100,""veg"":100,""oil"":25,""sugar"":6},""portionG"":500,""notes"":""""}",https://wjw.baoji.gov.cn/col2223/col2269/202403/P020241228641521653546.pdf
bjfu,北京林业大学,东区,东区食堂,鱼豆腐焖锅,热菜,20.00,元/份,450,估计成品可食部约450g/份,"[""鱼豆腐"",""豆腐"",""白菜"",""菌菇"",""酱汁""]","[""鱼类""]",555,28.8,41.5,30.4,,,"[""咸鲜"",""炖菜""]","[""校园餐饮""]",不辣,上架,,北林信院新生手册·食堂,https://bjfu-book2.pages.dev/canteen/,2025-07-24,公开网页整理,校园食堂参考价,预估而非实测；NHC2024附录2交换份，明确配方假设：鱼肉（可食部）80g；南豆腐180g；蔬菜150g；淀粉/粉条（干）25g；烹调用油（实际入口估计）22g；糖5g；成品份量估计；能量=4×蛋白质+4×碳水+9×脂肪；纤维/钠未知；鱼豆腐缺少品牌标签，按鱼肉+豆腐+淀粉代理估算,"[""bjfu"",""东区"",""学一食堂"",""鱼豆腐焖锅""]",三层,林园餐厅,学生编写的新生手册；非实时在售证明,estimated,123.3,6.4,9.2,6.8,"{""components"":{""fish"":80,""softtofu"":180,""veg"":150,""starch"":25,""oil"":22,""sugar"":5},""portionG"":450,""notes"":""鱼豆腐缺少品牌标签，按鱼肉+豆腐+淀粉代理估算""}",https://wjw.baoji.gov.cn/col2223/col2269/202403/P020241228641521653546.pdf
bjfu,北京林业大学,东区,东区食堂,酸辣土豆丝,热菜,7.00,元/份,220,估计成品可食部约220g/份,"[""土豆"",""醋"",""辣椒"",""葱""]",[],378,4.2,49.0,18.4,,,"[""酸辣"",""素食""]","[""校园餐饮""]",辣,上架,,北林信院新生手册·食堂,https://bjfu-book2.pages.dev/canteen/,2025-07-24,公开网页整理,校园食堂参考价,预估而非实测；NHC2024附录2交换份，明确配方假设：薯芋类220g；烹调用油（实际入口估计）18g；糖5g；成品份量估计；能量=4×蛋白质+4×碳水+9×脂肪；纤维/钠未知；,"[""bjfu"",""东区"",""学一食堂"",""酸辣土豆丝""]",三层,楸木园餐厅,学生编写的新生手册；非实时在售证明,estimated,171.8,1.9,22.3,8.4,"{""components"":{""potato"":220,""oil"":18,""sugar"":5},""portionG"":220,""notes"":""""}",https://wjw.baoji.gov.cn/col2223/col2269/202403/P020241228641521653546.pdf
bjfu,北京林业大学,东区,东区食堂,女王冰粉,甜品,10.00,元/份,350,估计成品可食部约350g/份,"[""冰粉"",""红糖"",""山楂"",""花生"",""葡萄干""]","[""小麦"",""花生""]",237,4.9,52.7,0.7,,,"[""甜香"",""甜品""]","[""校园餐饮""]",不辣,上架,,北林信院新生手册·食堂,https://bjfu-book2.pages.dev/canteen/,2025-07-24,公开网页整理,校园食堂参考价,预估而非实测；NHC2024附录2交换份，明确配方假设：杂豆（干）20g；水果80g；糖30g；成品份量估计；能量=4×蛋白质+4×碳水+9×脂肪；纤维/钠未知；杂豆按干重，含糖30g为场景估计,"[""bjfu"",""东区"",""学一食堂"",""女王冰粉""]",三层,楸木园餐厅,学生编写的新生手册；非实时在售证明,estimated,67.7,1.4,15.1,0.2,"{""components"":{""bean"":20,""fruit"":80,""sugar"":30},""portionG"":350,""notes"":""杂豆按干重，含糖30g为场景估计""}",https://wjw.baoji.gov.cn/col2223/col2269/202403/P020241228641521653546.pdf
bjfu,北京林业大学,东区,东区食堂,辣椒炒肉,热菜,16.00,元/份,250,估计成品可食部约250g/份,"[""猪肉"",""青椒"",""豆豉"",""蒜""]",[],656,22.8,14.7,56.2,,,"[""香辣"",""下饭""]","[""校园餐饮""]",辣,上架,,北林信院新生手册·食堂,https://bjfu-book2.pages.dev/canteen/,2025-07-24,公开网页整理,校园食堂参考价,预估而非实测；NHC2024附录2交换份，明确配方假设：蔬菜100g；烹调用油（实际入口估计）20g；糖5g；高脂肉（可食部生重）140g；成品份量估计；能量=4×蛋白质+4×碳水+9×脂肪；纤维/钠未知；肉为可食部生重；内脏未核实具体配方，老爆三/肝尖用瘦肉代理不用于高蛋白推荐,"[""bjfu"",""东区"",""学一食堂"",""辣椒炒肉""]",三层,楸木园餐厅,学生编写的新生手册；非实时在售证明,estimated,262.4,9.1,5.9,22.5,"{""components"":{""veg"":100,""oil"":20,""sugar"":5,""fatty"":140},""portionG"":250,""notes"":""肉为可食部生重；内脏未核实具体配方，老爆三/肝尖用瘦肉代理不用于高蛋白推荐""}",https://wjw.baoji.gov.cn/col2223/col2269/202403/P020241228641521653546.pdf
bjfu,北京林业大学,西区,西区食堂,咖喱猪排饭,套餐,19.00,元/份,500,估计成品可食部约500g/份,"[""猪排"",""大米"",""咖喱"",""胡萝卜"",""土豆""]",[],926,35.5,99.4,42.9,,,"[""咸鲜"",""下饭""]","[""校园餐饮""]",不辣,上架,,北林信院新生手册·食堂,https://bjfu-book2.pages.dev/canteen/,2025-07-24,公开网页整理,校园食堂参考价,预估而非实测；NHC2024附录2交换份，明确配方假设：熟米饭250g；中脂肉（可食部生重）130g；谷物/面粉（干）25g；蔬菜80g；烹调用油（实际入口估计）30g；糖10g；成品份量估计；能量=4×蛋白质+4×碳水+9×脂肪；纤维/钠未知；炸制吸油30g为场景估计，不是炸锅全部油量,"[""bjfu"",""东区"",""学一食堂"",""咖喱猪排饭""]",负一层,小时光,学生编写的新生手册；非实时在售证明,estimated,185.2,7.1,19.9,8.6,"{""components"":{""rice"":250,""pork"":130,""grain"":25,""veg"":80,""oil"":30,""sugar"":10},""portionG"":500,""notes"":""炸制吸油30g为场景估计，不是炸锅全部油量""}",https://wjw.baoji.gov.cn/col2223/col2269/202403/P020241228641521653546.pdf
bjfu,北京林业大学,西区,西区食堂,菌菇虫草花鸡汤,汤品,14.00,元/份,500,估计成品可食部约500g/份,"[""鸡肉"",""菌菇"",""虫草花"",""红枣""]",[],439,34.8,14.3,27.0,,,"[""清淡"",""炖菜""]","[""校园餐饮""]",不辣,上架,,北林信院新生手册·食堂,https://bjfu-book2.pages.dev/canteen/,2025-07-24,公开网页整理,校园食堂参考价,预估而非实测；NHC2024附录2交换份，明确配方假设：禽肉（可食部生重）180g；鲜菌菇100g；水果50g；烹调用油（实际入口估计）5g；成品份量估计；能量=4×蛋白质+4×碳水+9×脂肪；纤维/钠未知；含汤；椰汁暂按水果交换代理，不是含骨整鸡重量,"[""bjfu"",""东区"",""学一食堂"",""菌菇虫草花鸡汤""]",负一层,小时光,学生编写的新生手册；非实时在售证明,estimated,87.8,7.0,2.9,5.4,"{""components"":{""poultry"":180,""mushroom"":100,""fruit"":50,""oil"":5},""portionG"":500,""notes"":""含汤；椰汁暂按水果交换代理，不是含骨整鸡重量""}",https://wjw.baoji.gov.cn/col2223/col2269/202403/P020241228641521653546.pdf
bjfu,北京林业大学,西区,西区食堂,冰淇淋西多士,甜品,15.00,元/份,220,估计成品可食部约220g/份,"[""吐司"",""鸡蛋"",""牛奶"",""冰淇淋""]","[""乳制品"",""鸡蛋""]",598,11.1,96.9,18.5,,,"[""甜香"",""甜品""]","[""校园餐饮""]",不辣,上架,,北林信院新生手册·食堂,https://bjfu-book2.pages.dev/canteen/,2025-07-24,公开网页整理,校园食堂参考价,预估而非实测；NHC2024附录2交换份，明确配方假设：糕点或油炸食品120g；乳制品80g；糖15g；成品份量估计；能量=4×蛋白质+4×碳水+9×脂肪；纤维/钠未知；糕点/油炸交换份代理，品牌配方未知,"[""bjfu"",""东区"",""学一食堂"",""冰淇淋西多士""]",负一层,小时光,学生编写的新生手册；非实时在售证明,estimated,271.8,5.0,44.0,8.4,"{""components"":{""pastry"":120,""milk"":80,""sugar"":15},""portionG"":220,""notes"":""糕点/油炸交换份代理，品牌配方未知""}",https://wjw.baoji.gov.cn/col2223/col2269/202403/P020241228641521653546.pdf
bjfu,北京林业大学,西区,西区食堂,西瓜汁,饮品,8.00,元/份,350,估计成品可食部约350g/份,"[""西瓜"",""冰块""]",[],219,2.0,50.0,1.2,,,"[""清甜"",""饮品""]","[""校园餐饮""]",不辣,上架,,北林信院新生手册·食堂,https://bjfu-book2.pages.dev/canteen/,2025-07-24,公开网页整理,校园食堂参考价,预估而非实测；NHC2024附录2交换份，明确配方假设：水果300g；糖10g；成品份量估计；能量=4×蛋白质+4×碳水+9×脂肪；纤维/钠未知；有糖场景，鲜榨西瓜以综合水果值代理,"[""bjfu"",""东区"",""学一食堂"",""西瓜汁""]",二层,齐芳阁,学生编写的新生手册；非实时在售证明,estimated,62.6,0.6,14.3,0.3,"{""components"":{""fruit"":300,""sugar"":10},""portionG"":350,""notes"":""有糖场景，鲜榨西瓜以综合水果值代理""}",https://wjw.baoji.gov.cn/col2223/col2269/202403/P020241228641521653546.pdf
bjfu,北京林业大学,西区,西区食堂,奶皮子酸奶,饮品,9.00,元/份,250,估计成品可食部约250g/份,"[""牛奶"",""酸奶"",""奶皮子""]","[""乳制品""]",238,6.9,37.8,6.6,,,"[""甜香"",""饮品""]","[""校园餐饮""]",不辣,上架,,北林信院新生手册·食堂,https://bjfu-book2.pages.dev/canteen/,2025-07-24,公开网页整理,校园食堂参考价,预估而非实测；NHC2024附录2交换份，明确配方假设：酸奶200g；乳制品40g；糖10g；成品份量估计；能量=4×蛋白质+4×碳水+9×脂肪；纤维/钠未知；,"[""bjfu"",""东区"",""学一食堂"",""奶皮子酸奶""]",二层,齐芳阁,学生编写的新生手册；非实时在售证明,estimated,95.2,2.8,15.1,2.6,"{""components"":{""yogurt"":200,""milk"":40,""sugar"":10},""portionG"":250,""notes"":""""}",https://wjw.baoji.gov.cn/col2223/col2269/202403/P020241228641521653546.pdf
bjfu,北京林业大学,西区,西区食堂,牛肉炒拉条,面食,18.00,元/份,450,估计成品可食部约450g/份,"[""小麦面"",""牛肉"",""洋葱"",""青椒""]","[""小麦""]",771,28.8,97.3,29.6,,,"[""咸鲜"",""面食""]","[""校园餐饮""]",不辣,上架,,北林信院新生手册·食堂,https://bjfu-book2.pages.dev/canteen/,2025-07-24,公开网页整理,校园食堂参考价,预估而非实测；NHC2024附录2交换份，明确配方假设：谷物/面粉（干）110g；瘦肉（可食部生重）80g；蔬菜100g；烹调用油（实际入口估计）25g；糖6g；成品份量估计；能量=4×蛋白质+4×碳水+9×脂肪；纤维/钠未知；面粉干重110g，烹调用油25g，肉酱会有波动,"[""bjfu"",""东区"",""学一食堂"",""牛肉炒拉条""]",二层,齐芳阁,学生编写的新生手册；非实时在售证明,estimated,171.3,6.4,21.6,6.6,"{""components"":{""grain"":110,""lean"":80,""veg"":100,""oil"":25,""sugar"":6},""portionG"":450,""notes"":""面粉干重110g，烹调用油25g，肉酱会有波动""}",https://wjw.baoji.gov.cn/col2223/col2269/202403/P020241228641521653546.pdf
bjfu,北京林业大学,西区,西区食堂,油泼面,面食,13.00,元/份,450,估计成品可食部约450g/份,"[""小麦面"",""辣椒"",""青菜"",""醋""]","[""小麦""]",706,20.6,87.6,30.3,,,"[""香辣"",""面食""]","[""校园餐饮""]",辣,上架,,北林信院新生手册·食堂,https://bjfu-book2.pages.dev/canteen/,2025-07-24,公开网页整理,校园食堂参考价,预估而非实测；NHC2024附录2交换份，明确配方假设：谷物/面粉（干）100g；瘦肉（可食部生重）35g；蔬菜80g；坚果10g；烹调用油（实际入口估计）22g；糖4g；成品份量估计；能量=4×蛋白质+4×碳水+9×脂肪；纤维/钠未知；面粉/米粉按干重100g，成品面条含水；豌杂面另以杂豆替代20g主食,"[""bjfu"",""东区"",""学一食堂"",""油泼面""]",二层,齐芳阁,学生编写的新生手册；非实时在售证明,estimated,156.9,4.6,19.5,6.7,"{""components"":{""grain"":100,""lean"":35,""veg"":80,""nuts"":10,""oil"":22,""sugar"":4},""portionG"":450,""notes"":""面粉/米粉按干重100g，成品面条含水；豌杂面另以杂豆替代20g主食""}",https://wjw.baoji.gov.cn/col2223/col2269/202403/P020241228641521653546.pdf
bjfu,北京林业大学,西区,西区食堂,牛肉面,面食,16.00,元/份,500,估计成品可食部约500g/份,"[""小麦面"",""牛肉"",""青菜"",""高汤""]","[""小麦""]",573,26.8,80.1,16.2,,,"[""咸鲜"",""面食""]","[""校园餐饮""]",不辣,上架,,北林信院新生手册·食堂,https://bjfu-book2.pages.dev/canteen/,2025-07-24,公开网页整理,校园食堂参考价,预估而非实测；NHC2024附录2交换份，明确配方假设：谷物/面粉（干）90g；瘦肉（可食部生重）80g；蔬菜100g；烹调用油（实际入口估计）12g；糖4g；成品份量估计；能量=4×蛋白质+4×碳水+9×脂肪；纤维/钠未知；粉/面按干重90g，含汤；主食干重按相近谷物交换份估算,"[""bjfu"",""东区"",""学一食堂"",""牛肉面""]",二层,齐芳阁,学生编写的新生手册；非实时在售证明,estimated,114.6,5.4,16.0,3.2,"{""components"":{""grain"":90,""lean"":80,""veg"":100,""oil"":12,""sugar"":4},""portionG"":500,""notes"":""粉/面按干重90g，含汤；主食干重按相近谷物交换份估算""}",https://wjw.baoji.gov.cn/col2223/col2269/202403/P020241228641521653546.pdf
bjfu,北京林业大学,西区,西区食堂,牛肉焖面,面食,18.00,元/份,450,估计成品可食部约450g/份,"[""小麦面"",""牛肉"",""土豆"",""胡萝卜""]","[""小麦""]",771,28.8,97.3,29.6,,,"[""咸鲜"",""面食""]","[""校园餐饮""]",不辣,上架,,北林信院新生手册·食堂,https://bjfu-book2.pages.dev/canteen/,2025-07-24,公开网页整理,校园食堂参考价,预估而非实测；NHC2024附录2交换份，明确配方假设：谷物/面粉（干）110g；瘦肉（可食部生重）80g；蔬菜100g；烹调用油（实际入口估计）25g；糖6g；成品份量估计；能量=4×蛋白质+4×碳水+9×脂肪；纤维/钠未知；面粉干重110g，烹调用油25g，肉酱会有波动,"[""bjfu"",""东区"",""学一食堂"",""牛肉焖面""]",二层,齐芳阁,学生编写的新生手册；非实时在售证明,estimated,171.3,6.4,21.6,6.6,"{""components"":{""grain"":110,""lean"":80,""veg"":100,""oil"":25,""sugar"":6},""portionG"":450,""notes"":""面粉干重110g，烹调用油25g，肉酱会有波动""}",https://wjw.baoji.gov.cn/col2223/col2269/202403/P020241228641521653546.pdf
bjfu,北京林业大学,西区,西区食堂,牛肉汤饼,主食,15.00,元/份,500,估计成品可食部约500g/份,"[""牛肉"",""小麦面饼"",""香菜"",""高汤""]","[""小麦""]",573,26.8,80.1,16.2,,,"[""咸鲜"",""主食""]","[""校园餐饮""]",不辣,上架,,北林信院新生手册·食堂,https://bjfu-book2.pages.dev/canteen/,2025-07-24,公开网页整理,校园食堂参考价,预估而非实测；NHC2024附录2交换份，明确配方假设：谷物/面粉（干）90g；瘦肉（可食部生重）80g；蔬菜100g；烹调用油（实际入口估计）12g；糖4g；成品份量估计；能量=4×蛋白质+4×碳水+9×脂肪；纤维/钠未知；粉/面按干重90g，含汤；主食干重按相近谷物交换份估算,"[""bjfu"",""东区"",""学一食堂"",""牛肉汤饼""]",二层,齐芳阁,学生编写的新生手册；非实时在售证明,estimated,114.6,5.4,16.0,3.2,"{""components"":{""grain"":90,""lean"":80,""veg"":100,""oil"":12,""sugar"":4},""portionG"":500,""notes"":""粉/面按干重90g，含汤；主食干重按相近谷物交换份估算""}",https://wjw.baoji.gov.cn/col2223/col2269/202403/P020241228641521653546.pdf
cufe,中央财经大学,学院南路校区,子衿食园,鸡蛋,早餐,4.00,元/份,50,估计成品可食部约50g/份,"[""鸡蛋""]","[""蛋""]",80,6.3,1.3,5.5,,,[],[],待核实,上架,,中财创新发展学院新生攻略,https://sind.cufe.edu.cn/info/1039/3691.htm,,学校新生指南明确菜品及楼层；营业随现场变化,参考估价（非学校公布现价）：按目录同类餐品价格档位估计；上线经用户确认，后勤核价后替换,预估而非实测；NHC2024附录2交换份，明确配方假设：鸡蛋50g；成品份量估计；能量=4×蛋白质+4×碳水+9×脂肪；纤维/钠未知；,"[""cufe"",""学院南路校区"",""子衿食园"",""负一层"",""鸡蛋""]",负一层,清真食堂,学校新生指南明确菜品及楼层；营业随现场变化,estimated,160.0,12.6,2.6,11.0,"{""components"":{""egg"":50},""portionG"":50,""notes"":""""}",https://wjw.baoji.gov.cn/col2223/col2269/202403/P020241228641521653546.pdf
cufe,中央财经大学,学院南路校区,子衿食园,豆浆,早餐,4.00,元/份,300,估计成品可食部约300g/份,"[""豆浆""]","[""大豆""]",84,7.3,7.3,2.8,,,[],[],待核实,上架,,中财创新发展学院新生攻略,https://sind.cufe.edu.cn/info/1039/3691.htm,,学校新生指南明确菜品及楼层；营业随现场变化,参考估价（非学校公布现价）：按目录同类餐品价格档位估计；上线经用户确认，后勤核价后替换,预估而非实测；NHC2024附录2交换份，明确配方假设：豆浆300g；成品份量估计；能量=4×蛋白质+4×碳水+9×脂肪；纤维/钠未知；无额外加糖场景,"[""cufe"",""学院南路校区"",""子衿食园"",""负一层"",""豆浆""]",负一层,清真食堂,学校新生指南明确菜品及楼层；营业随现场变化,estimated,28.0,2.4,2.4,0.9,"{""components"":{""soymilk"":300},""portionG"":300,""notes"":""无额外加糖场景""}",https://wjw.baoji.gov.cn/col2223/col2269/202403/P020241228641521653546.pdf
cufe,中央财经大学,学院南路校区,子衿食园,油条,早餐,4.00,元/份,100,估计成品可食部约100g/份,"[""糕点或油炸食品""]",[],405,7.0,65.0,13.0,,,[],[],待核实,上架,,中财创新发展学院新生攻略,https://sind.cufe.edu.cn/info/1039/3691.htm,,学校新生指南明确菜品及楼层；营业随现场变化,参考估价（非学校公布现价）：按目录同类餐品价格档位估计；上线经用户确认，后勤核价后替换,预估而非实测；NHC2024附录2交换份，明确配方假设：糕点或油炸食品100g；成品份量估计；能量=4×蛋白质+4×碳水+9×脂肪；纤维/钠未知；油炸交换份，不重复额外计算炸油,"[""cufe"",""学院南路校区"",""子衿食园"",""负一层"",""油条""]",负一层,清真食堂,学校新生指南明确菜品及楼层；营业随现场变化,estimated,405.0,7.0,65.0,13.0,"{""components"":{""pastry"":100},""portionG"":100,""notes"":""油炸交换份，不重复额外计算炸油""}",https://wjw.baoji.gov.cn/col2223/col2269/202403/P020241228641521653546.pdf
cufe,中央财经大学,学院南路校区,子衿食园,咸豆腐脑,早餐,4.00,元/份,250,估计成品可食部约250g/份,"[""南豆腐"", ""淀粉/粉条（干）""]","[""大豆""]",184,11.3,13.2,9.6,,,[],[],待核实,上架,,中财创新发展学院新生攻略,https://sind.cufe.edu.cn/info/1039/3691.htm,,学校新生指南明确菜品及楼层；营业随现场变化,参考估价（非学校公布现价）：按目录同类餐品价格档位估计；上线经用户确认，后勤核价后替换,预估而非实测；NHC2024附录2交换份，明确配方假设：南豆腐180g；淀粉/粉条（干）10g；烹调用油（实际入口估计）5g；成品份量估计；能量=4×蛋白质+4×碳水+9×脂肪；纤维/钠未知；,"[""cufe"",""学院南路校区"",""子衿食园"",""负一层"",""咸豆腐脑""]",负一层,清真食堂,学校新生指南明确菜品及楼层；营业随现场变化,estimated,73.6,4.5,5.3,3.8,"{""components"":{""softtofu"":180,""starch"":10,""oil"":5},""portionG"":250,""notes"":""""}",https://wjw.baoji.gov.cn/col2223/col2269/202403/P020241228641521653546.pdf
cufe,中央财经大学,学院南路校区,子衿食园,粥,早餐,4.00,元/份,300,估计成品可食部约300g/份,"[""谷物/面粉（干）""]","[""小麦""]",127,3.5,26.6,0.7,,,[],[],待核实,上架,,中财创新发展学院新生攻略,https://sind.cufe.edu.cn/info/1039/3691.htm,,学校新生指南明确菜品及楼层；营业随现场变化,参考估价（非学校公布现价）：按目录同类餐品价格档位估计；上线经用户确认，后勤核价后替换,预估而非实测；NHC2024附录2交换份，明确配方假设：谷物/面粉（干）35g；成品份量估计；能量=4×蛋白质+4×碳水+9×脂肪；纤维/钠未知；谷物杂豆均为干重；粥不含默认糖,"[""cufe"",""学院南路校区"",""子衿食园"",""负一层"",""粥""]",负一层,清真食堂,学校新生指南明确菜品及楼层；营业随现场变化,estimated,42.3,1.2,8.9,0.2,"{""components"":{""grain"":35},""portionG"":300,""notes"":""谷物杂豆均为干重；粥不含默认糖""}",https://wjw.baoji.gov.cn/col2223/col2269/202403/P020241228641521653546.pdf
cufe,中央财经大学,学院南路校区,子衿食园,酱香饼,早餐,6.00,元/份,220,估计成品可食部约220g/份,"[""谷物/面粉（干）"", ""鸡蛋""]","[""小麦"", ""蛋""]",644,16.6,76.0,30.4,,,[],[],待核实,上架,,中财创新发展学院新生攻略,https://sind.cufe.edu.cn/info/1039/3691.htm,,学校新生指南明确菜品及楼层；营业随现场变化,参考估价（非学校公布现价）：沿用目录同名菜品参考价；上线经用户确认，后勤核价后替换,预估而非实测；NHC2024附录2交换份，明确配方假设：谷物/面粉（干）90g；鸡蛋60g；烹调用油（实际入口估计）22g；糖6g；成品份量估计；能量=4×蛋白质+4×碳水+9×脂肪；纤维/钠未知；油含炸物吸油/烙饼实际入口量的场景估计,"[""cufe"",""学院南路校区"",""子衿食园"",""负一层"",""酱香饼""]",负一层,清真食堂,学校新生指南明确菜品及楼层；营业随现场变化,estimated,292.7,7.5,34.5,13.8,"{""components"":{""grain"":90,""egg"":60,""oil"":22,""sugar"":6},""portionG"":220,""notes"":""油含炸物吸油/烙饼实际入口量的场景估计""}",https://wjw.baoji.gov.cn/col2223/col2269/202403/P020241228641521653546.pdf
cufe,中央财经大学,学院南路校区,子衿食园,玉米饼,早餐,4.00,元/份,100,估计成品可食部约100g/份,"[""谷物/面粉（干）""]","[""小麦""]",244,6.0,45.6,4.2,,,[],[],待核实,上架,,中财创新发展学院新生攻略,https://sind.cufe.edu.cn/info/1039/3691.htm,,学校新生指南明确菜品及楼层；营业随现场变化,参考估价（非学校公布现价）：按目录同类餐品价格档位估计；上线经用户确认，后勤核价后替换,预估而非实测；NHC2024附录2交换份，明确配方假设：谷物/面粉（干）60g；烹调用油（实际入口估计）3g；成品份量估计；能量=4×蛋白质+4×碳水+9×脂肪；纤维/钠未知；,"[""cufe"",""学院南路校区"",""子衿食园"",""负一层"",""玉米饼""]",负一层,清真食堂,学校新生指南明确菜品及楼层；营业随现场变化,estimated,244.0,6.0,45.6,4.2,"{""components"":{""grain"":60,""oil"":3},""portionG"":100,""notes"":""""}",https://wjw.baoji.gov.cn/col2223/col2269/202403/P020241228641521653546.pdf
cufe,中央财经大学,学院南路校区,子衿食园,烤鱼,热菜,12.00,元/份,400,估计成品可食部约400g/份,"[""鱼肉（可食部）"", ""蔬菜""]","[""鱼""]",566,43.4,19.5,34.9,,,[],[],待核实,上架,,中财创新发展学院新生攻略,https://sind.cufe.edu.cn/info/1039/3691.htm,,学校新生指南明确菜品及楼层；营业随现场变化,参考估价（非学校公布现价）：按目录同类餐品价格档位估计；上线经用户确认，后勤核价后替换,预估而非实测；NHC2024附录2交换份，明确配方假设：鱼肉（可食部）220g；蔬菜180g；烹调用油（实际入口估计）25g；糖5g；成品份量估计；能量=4×蛋白质+4×碳水+9×脂肪；纤维/钠未知；鱼肉可食部，不含骨和额外米饭,"[""cufe"",""学院南路校区"",""子衿食园"",""负一层"",""烤鱼""]",负一层,清真食堂,学校新生指南明确菜品及楼层；营业随现场变化,estimated,141.5,10.8,4.9,8.7,"{""components"":{""fish"":220,""veg"":180,""oil"":25,""sugar"":5},""portionG"":400,""notes"":""鱼肉可食部，不含骨和额外米饭""}",https://wjw.baoji.gov.cn/col2223/col2269/202403/P020241228641521653546.pdf
cufe,中央财经大学,学院南路校区,子衿食园,羊肉泡馍,面食,14.00,元/份,500,估计成品可食部约500g/份,"[""谷物/面粉（干）"", ""瘦肉（可食部生重）"", ""蔬菜""]","[""小麦""]",598,30.4,75.1,19.6,,,[],[],待核实,上架,,中财创新发展学院新生攻略,https://sind.cufe.edu.cn/info/1039/3691.htm,,学校新生指南明确菜品及楼层；营业随现场变化,参考估价（非学校公布现价）：按目录同类餐品价格档位估计；上线经用户确认，后勤核价后替换,预估而非实测；NHC2024附录2交换份，明确配方假设：谷物/面粉（干）90g；瘦肉（可食部生重）100g；蔬菜80g；烹调用油（实际入口估计）15g；成品份量估计；能量=4×蛋白质+4×碳水+9×脂肪；纤维/钠未知；,"[""cufe"",""学院南路校区"",""子衿食园"",""负一层"",""羊肉泡馍""]",负一层,清真食堂,学校新生指南明确菜品及楼层；营业随现场变化,estimated,119.6,6.1,15.0,3.9,"{""components"":{""grain"":90,""lean"":100,""veg"":80,""oil"":15},""portionG"":500,""notes"":""""}",https://wjw.baoji.gov.cn/col2223/col2269/202403/P020241228641521653546.pdf
cufe,中央财经大学,学院南路校区,子衿食园,砂锅米线,汤品,10.00,元/份,500,估计成品可食部约500g/份,"[""谷物/面粉（干）"", ""瘦肉（可食部生重）"", ""蔬菜""]","[""小麦""]",573,26.8,80.1,16.2,,,[],[],待核实,上架,,中财创新发展学院新生攻略,https://sind.cufe.edu.cn/info/1039/3691.htm,,学校新生指南明确菜品及楼层；营业随现场变化,参考估价（非学校公布现价）：按目录同类餐品价格档位估计；上线经用户确认，后勤核价后替换,预估而非实测；NHC2024附录2交换份，明确配方假设：谷物/面粉（干）90g；瘦肉（可食部生重）80g；蔬菜100g；烹调用油（实际入口估计）12g；糖4g；成品份量估计；能量=4×蛋白质+4×碳水+9×脂肪；纤维/钠未知；粉/面按干重90g，含汤；主食干重按相近谷物交换份估算,"[""cufe"",""学院南路校区"",""子衿食园"",""负一层"",""砂锅米线""]",负一层,清真食堂,学校新生指南明确菜品及楼层；营业随现场变化,estimated,114.6,5.4,16.0,3.2,"{""components"":{""grain"":90,""lean"":80,""veg"":100,""oil"":12,""sugar"":4},""portionG"":500,""notes"":""粉/面按干重90g，含汤；主食干重按相近谷物交换份估算""}",https://wjw.baoji.gov.cn/col2223/col2269/202403/P020241228641521653546.pdf
cufe,中央财经大学,学院南路校区,子衿食园,鸡蛋,早餐,4.00,元/份,50,估计成品可食部约50g/份,"[""鸡蛋""]","[""蛋""]",80,6.3,1.3,5.5,,,[],[],待核实,上架,,中财创新发展学院新生攻略,https://sind.cufe.edu.cn/info/1039/3691.htm,,学校新生指南明确菜品及楼层；营业随现场变化,参考估价（非学校公布现价）：沿用目录同名菜品参考价；上线经用户确认，后勤核价后替换,预估而非实测；NHC2024附录2交换份，明确配方假设：鸡蛋50g；成品份量估计；能量=4×蛋白质+4×碳水+9×脂肪；纤维/钠未知；,"[""cufe"",""学院南路校区"",""子衿食园"",""一层"",""鸡蛋""]",一层,普通窗口,学校新生指南明确菜品及楼层；营业随现场变化,estimated,160.0,12.6,2.6,11.0,"{""components"":{""egg"":50},""portionG"":50,""notes"":""""}",https://wjw.baoji.gov.cn/col2223/col2269/202403/P020241228641521653546.pdf
cufe,中央财经大学,学院南路校区,子衿食园,油条,早餐,4.00,元/份,100,估计成品可食部约100g/份,"[""糕点或油炸食品""]",[],405,7.0,65.0,13.0,,,[],[],待核实,上架,,中财创新发展学院新生攻略,https://sind.cufe.edu.cn/info/1039/3691.htm,,学校新生指南明确菜品及楼层；营业随现场变化,参考估价（非学校公布现价）：沿用目录同名菜品参考价；上线经用户确认，后勤核价后替换,预估而非实测；NHC2024附录2交换份，明确配方假设：糕点或油炸食品100g；成品份量估计；能量=4×蛋白质+4×碳水+9×脂肪；纤维/钠未知；油炸交换份，不重复额外计算炸油,"[""cufe"",""学院南路校区"",""子衿食园"",""一层"",""油条""]",一层,普通窗口,学校新生指南明确菜品及楼层；营业随现场变化,estimated,405.0,7.0,65.0,13.0,"{""components"":{""pastry"":100},""portionG"":100,""notes"":""油炸交换份，不重复额外计算炸油""}",https://wjw.baoji.gov.cn/col2223/col2269/202403/P020241228641521653546.pdf
cufe,中央财经大学,学院南路校区,子衿食园,馒头,早餐,4.00,元/份,100,估计成品可食部约100g/份,"[""谷物/面粉（干）""]","[""小麦""]",217,6.0,45.6,1.2,,,[],[],待核实,上架,,中财创新发展学院新生攻略,https://sind.cufe.edu.cn/info/1039/3691.htm,,学校新生指南明确菜品及楼层；营业随现场变化,参考估价（非学校公布现价）：按目录同类餐品价格档位估计；上线经用户确认，后勤核价后替换,预估而非实测；NHC2024附录2交换份，明确配方假设：谷物/面粉（干）60g；成品份量估计；能量=4×蛋白质+4×碳水+9×脂肪；纤维/钠未知；,"[""cufe"",""学院南路校区"",""子衿食园"",""一层"",""馒头""]",一层,普通窗口,学校新生指南明确菜品及楼层；营业随现场变化,estimated,217.0,6.0,45.6,1.2,"{""components"":{""grain"":60},""portionG"":100,""notes"":""""}",https://wjw.baoji.gov.cn/col2223/col2269/202403/P020241228641521653546.pdf
cufe,中央财经大学,学院南路校区,子衿食园,咸菜,早餐,4.00,元/份,30,估计成品可食部约30g/份,"[""蔬菜""]",[],18,0.5,3.9,0.1,,,[],[],待核实,上架,,中财创新发展学院新生攻略,https://sind.cufe.edu.cn/info/1039/3691.htm,,学校新生指南明确菜品及楼层；营业随现场变化,参考估价（非学校公布现价）：按目录同类餐品价格档位估计；上线经用户确认，后勤核价后替换,预估而非实测；NHC2024附录2交换份，明确配方假设：蔬菜30g；糖2g；成品份量估计；能量=4×蛋白质+4×碳水+9×脂肪；纤维/钠未知；仅宏量估算，盐/钠未测定，不推荐为低脂完整餐,"[""cufe"",""学院南路校区"",""子衿食园"",""一层"",""咸菜""]",一层,普通窗口,学校新生指南明确菜品及楼层；营业随现场变化,estimated,60.0,1.7,13.0,0.3,"{""components"":{""veg"":30,""sugar"":2},""portionG"":30,""notes"":""仅宏量估算，盐/钠未测定，不推荐为低脂完整餐""}",https://wjw.baoji.gov.cn/col2223/col2269/202403/P020241228641521653546.pdf
cufe,中央财经大学,学院南路校区,子衿食园,粥,早餐,4.00,元/份,300,估计成品可食部约300g/份,"[""谷物/面粉（干）""]","[""小麦""]",127,3.5,26.6,0.7,,,[],[],待核实,上架,,中财创新发展学院新生攻略,https://sind.cufe.edu.cn/info/1039/3691.htm,,学校新生指南明确菜品及楼层；营业随现场变化,参考估价（非学校公布现价）：沿用目录同名菜品参考价；上线经用户确认，后勤核价后替换,预估而非实测；NHC2024附录2交换份，明确配方假设：谷物/面粉（干）35g；成品份量估计；能量=4×蛋白质+4×碳水+9×脂肪；纤维/钠未知；谷物杂豆均为干重；粥不含默认糖,"[""cufe"",""学院南路校区"",""子衿食园"",""一层"",""粥""]",一层,普通窗口,学校新生指南明确菜品及楼层；营业随现场变化,estimated,42.3,1.2,8.9,0.2,"{""components"":{""grain"":35},""portionG"":300,""notes"":""谷物杂豆均为干重；粥不含默认糖""}",https://wjw.baoji.gov.cn/col2223/col2269/202403/P020241228641521653546.pdf
cufe,中央财经大学,学院南路校区,子衿食园,鸭血豆腐,热菜,12.00,元/份,250,估计成品可食部约250g/份,"[""瘦肉（可食部生重）"", ""南豆腐""]","[""大豆""]",283,25.3,5.2,17.9,,,[],[],待核实,上架,,中财创新发展学院新生攻略,https://sind.cufe.edu.cn/info/1039/3691.htm,,学校新生指南明确菜品及楼层；营业随现场变化,参考估价（非学校公布现价）：按目录同类餐品价格档位估计；上线经用户确认，后勤核价后替换,预估而非实测；NHC2024附录2交换份，明确配方假设：瘦肉（可食部生重）80g；南豆腐150g；烹调用油（实际入口估计）12g；成品份量估计；能量=4×蛋白质+4×碳水+9×脂肪；纤维/钠未知；鸭血以瘦肉交换代理，仅宏量参考,"[""cufe"",""学院南路校区"",""子衿食园"",""一层"",""鸭血豆腐""]",一层,普通窗口,学校新生指南明确菜品及楼层；营业随现场变化,estimated,113.2,10.1,2.1,7.2,"{""components"":{""lean"":80,""softtofu"":150,""oil"":12},""portionG"":250,""notes"":""鸭血以瘦肉交换代理，仅宏量参考""}",https://wjw.baoji.gov.cn/col2223/col2269/202403/P020241228641521653546.pdf
cufe,中央财经大学,学院南路校区,子衿食园,鸡排,套餐,18.00,元/份,200,估计成品可食部约200g/份,"[""中脂肉（可食部生重）"", ""谷物/面粉（干）"", ""蔬菜""]","[""小麦""]",668,26.8,35.9,46.3,,,[],[],待核实,上架,,中财创新发展学院新生攻略,https://sind.cufe.edu.cn/info/1039/3691.htm,,学校新生指南明确菜品及楼层；营业随现场变化,参考估价（非学校公布现价）：按目录同类餐品价格档位估计；上线经用户确认，后勤核价后替换,预估而非实测；NHC2024附录2交换份，明确配方假设：谷物/面粉（干）25g；蔬菜80g；烹调用油（实际入口估计）30g；糖10g；禽肉（可食部生重）130g；成品份量估计；能量=4×蛋白质+4×碳水+9×脂肪；纤维/钠未知；炸制吸油30g为场景估计，不是炸锅全部油量,"[""cufe"",""学院南路校区"",""子衿食园"",""一层"",""鸡排""]",一层,普通窗口,学校新生指南明确菜品及楼层；营业随现场变化,estimated,334.0,13.4,17.9,23.1,"{""components"":{""grain"":25,""veg"":80,""oil"":30,""sugar"":10,""poultry"":130},""portionG"":200,""notes"":""炸制吸油30g为场景估计，不是炸锅全部油量""}",https://wjw.baoji.gov.cn/col2223/col2269/202403/P020241228641521653546.pdf
cufe,中央财经大学,学院南路校区,子衿食园,麻辣香锅,汤品,18.00,元/份,450,估计成品可食部约450g/份,"[""禽肉（可食部生重）"", ""薯芋类"", ""蔬菜"", ""豆皮/豆干""]","[""大豆""]",836,30.0,52.0,56.4,,,[],[],待核实,上架,/assets/zhongcai/%E9%BA%BB%E8%BE%A3%E9%A6%99%E9%94%85.png,中财创新发展学院新生攻略,https://sind.cufe.edu.cn/info/1039/3691.htm,,学校新生指南明确菜品及楼层；营业随现场变化,参考估价（非学校公布现价）：沿用目录同名菜品参考价；上线经用户确认，后勤核价后替换,预估而非实测；NHC2024附录2交换份，明确配方假设：禽肉（可食部生重）100g；薯芋类150g；蔬菜150g；豆皮/豆干40g；烹调用油（实际入口估计）40g；糖8g；成品份量估计；能量=4×蛋白质+4×碳水+9×脂肪；纤维/钠未知；不含米饭；40g为估计实际入口的烹调用油，食材自选导致很大波动,"[""cufe"",""学院南路校区"",""子衿食园"",""一层"",""麻辣香锅""]",一层,普通窗口,学校新生指南明确菜品及楼层；营业随现场变化,estimated,185.8,6.7,11.6,12.5,"{""components"":{""poultry"":100,""potato"":150,""veg"":150,""beancurd"":40,""oil"":40,""sugar"":8},""portionG"":450,""notes"":""不含米饭；40g为估计实际入口的烹调用油，食材自选导致很大波动""}",https://wjw.baoji.gov.cn/col2223/col2269/202403/P020241228641521653546.pdf
cufe,中央财经大学,学院南路校区,子衿食园,饺子,面食,14.00,元/份,350,估计成品可食部约350g/份,"[""谷物/面粉（干）"", ""中脂肉（可食部生重）"", ""蔬菜""]","[""小麦""]",535,25.1,70.6,16.9,,,[],[],待核实,上架,,中财创新发展学院新生攻略,https://sind.cufe.edu.cn/info/1039/3691.htm,,学校新生指南明确菜品及楼层；营业随现场变化,参考估价（非学校公布现价）：沿用目录同名菜品参考价；上线经用户确认，后勤核价后替换,预估而非实测；NHC2024附录2交换份，明确配方假设：谷物/面粉（干）80g；中脂肉（可食部生重）80g；蔬菜100g；烹调用油（实际入口估计）8g；糖3g；成品份量估计；能量=4×蛋白质+4×碳水+9×脂肪；纤维/钠未知；粉按干重；小笼包约6只/份，其他饺/馄饨为一份示例，不含额外蘸料,"[""cufe"",""学院南路校区"",""子衿食园"",""一层"",""饺子""]",一层,普通窗口,学校新生指南明确菜品及楼层；营业随现场变化,estimated,152.9,7.2,20.2,4.8,"{""components"":{""grain"":80,""pork"":80,""veg"":100,""oil"":8,""sugar"":3},""portionG"":350,""notes"":""粉按干重；小笼包约6只/份，其他饺/馄饨为一份示例，不含额外蘸料""}",https://wjw.baoji.gov.cn/col2223/col2269/202403/P020241228641521653546.pdf
cufe,中央财经大学,学院南路校区,子衿食园,豆浆,早餐,4.00,元/份,300,估计成品可食部约300g/份,"[""豆浆""]","[""大豆""]",84,7.3,7.3,2.8,,,[],[],待核实,上架,,中财创新发展学院新生攻略,https://sind.cufe.edu.cn/info/1039/3691.htm,,学校新生指南明确菜品及楼层；米粉/黄焖鸡米饭沿用现有列表菜名,参考估价（非学校公布现价）：沿用目录同名菜品参考价；上线经用户确认，后勤核价后替换,预估而非实测；NHC2024附录2交换份，明确配方假设：豆浆300g；成品份量估计；能量=4×蛋白质+4×碳水+9×脂肪；纤维/钠未知；无额外加糖场景,"[""cufe"",""学院南路校区"",""子衿食园"",""二层"",""豆浆""]",二层,风味窗口,学校新生指南明确菜品及楼层；米粉/黄焖鸡米饭沿用现有列表菜名,estimated,28.0,2.4,2.4,0.9,"{""components"":{""soymilk"":300},""portionG"":300,""notes"":""无额外加糖场景""}",https://wjw.baoji.gov.cn/col2223/col2269/202403/P020241228641521653546.pdf
cufe,中央财经大学,学院南路校区,子衿食园,牛奶燕麦粥,早餐,4.00,元/份,300,估计成品可食部约300g/份,"[""谷物/面粉（干）"", ""乳制品""]","[""小麦"", ""奶""]",245,8.5,39.0,6.1,,,[],[],待核实,上架,,中财创新发展学院新生攻略,https://sind.cufe.edu.cn/info/1039/3691.htm,,学校新生指南明确菜品及楼层；米粉/黄焖鸡米饭沿用现有列表菜名,参考估价（非学校公布现价）：按目录同类餐品价格档位估计；上线经用户确认，后勤核价后替换,预估而非实测；NHC2024附录2交换份，明确配方假设：谷物/面粉（干）35g；乳制品150g；糖5g；成品份量估计；能量=4×蛋白质+4×碳水+9×脂肪；纤维/钠未知；谷物杂豆均为干重；粥不含默认糖,"[""cufe"",""学院南路校区"",""子衿食园"",""二层"",""牛奶燕麦粥""]",二层,风味窗口,学校新生指南明确菜品及楼层；米粉/黄焖鸡米饭沿用现有列表菜名,estimated,81.7,2.8,13.0,2.0,"{""components"":{""grain"":35,""milk"":150,""sugar"":5},""portionG"":300,""notes"":""谷物杂豆均为干重；粥不含默认糖""}",https://wjw.baoji.gov.cn/col2223/col2269/202403/P020241228641521653546.pdf
cufe,中央财经大学,学院南路校区,子衿食园,三明治,套餐,18.00,元/份,220,估计成品可食部约220g/份,"[""面制品"", ""鸡蛋"", ""中脂肉（可食部生重）"", ""蔬菜""]","[""小麦"", ""蛋""]",425,20.4,45.2,18.1,,,[],[],待核实,上架,,中财创新发展学院新生攻略,https://sind.cufe.edu.cn/info/1039/3691.htm,,学校新生指南明确菜品及楼层；米粉/黄焖鸡米饭沿用现有列表菜名,参考估价（非学校公布现价）：按目录同类餐品价格档位估计；上线经用户确认，后勤核价后替换,预估而非实测；NHC2024附录2交换份，明确配方假设：面制品80g；鸡蛋50g；中脂肉（可食部生重）40g；蔬菜40g；烹调用油（实际入口估计）8g；成品份量估计；能量=4×蛋白质+4×碳水+9×脂肪；纤维/钠未知；,"[""cufe"",""学院南路校区"",""子衿食园"",""二层"",""三明治""]",二层,风味窗口,学校新生指南明确菜品及楼层；米粉/黄焖鸡米饭沿用现有列表菜名,estimated,193.2,9.3,20.5,8.2,"{""components"":{""noodle"":80,""egg"":50,""pork"":40,""veg"":40,""oil"":8},""portionG"":220,""notes"":""""}",https://wjw.baoji.gov.cn/col2223/col2269/202403/P020241228641521653546.pdf
cufe,中央财经大学,学院南路校区,子衿食园,铜锣烧,甜品,8.00,元/份,80,估计成品可食部约80g/份,"[""糕点或油炸食品""]",[],324,5.6,52.0,10.4,,,[],[],待核实,上架,,中财创新发展学院新生攻略,https://sind.cufe.edu.cn/info/1039/3691.htm,,学校新生指南明确菜品及楼层；米粉/黄焖鸡米饭沿用现有列表菜名,参考估价（非学校公布现价）：按目录同类餐品价格档位估计；上线经用户确认，后勤核价后替换,预估而非实测；NHC2024附录2交换份，明确配方假设：糕点或油炸食品80g；成品份量估计；能量=4×蛋白质+4×碳水+9×脂肪；纤维/钠未知；糕点交换份代理；馅料品牌配方未公开，需营养标签替换，估算误差较大,"[""cufe"",""学院南路校区"",""子衿食园"",""二层"",""铜锣烧""]",二层,风味窗口,学校新生指南明确菜品及楼层；米粉/黄焖鸡米饭沿用现有列表菜名,estimated,405.0,7.0,65.0,13.0,"{""components"":{""pastry"":80},""portionG"":80,""notes"":""糕点交换份代理；馅料品牌配方未公开，需营养标签替换，估算误差较大""}",https://wjw.baoji.gov.cn/col2223/col2269/202403/P020241228641521653546.pdf
cufe,中央财经大学,学院南路校区,子衿食园,馄饨,面食,12.00,元/份,350,估计成品可食部约350g/份,"[""谷物/面粉（干）"", ""中脂肉（可食部生重）"", ""蔬菜""]","[""小麦""]",535,25.1,70.6,16.9,,,[],[],待核实,上架,,中财创新发展学院新生攻略,https://sind.cufe.edu.cn/info/1039/3691.htm,,学校新生指南明确菜品及楼层；米粉/黄焖鸡米饭沿用现有列表菜名,参考估价（非学校公布现价）：沿用目录同名菜品参考价；上线经用户确认，后勤核价后替换,预估而非实测；NHC2024附录2交换份，明确配方假设：谷物/面粉（干）80g；中脂肉（可食部生重）80g；蔬菜100g；烹调用油（实际入口估计）8g；糖3g；成品份量估计；能量=4×蛋白质+4×碳水+9×脂肪；纤维/钠未知；粉按干重；小笼包约6只/份，其他饺/馄饨为一份示例，不含额外蘸料,"[""cufe"",""学院南路校区"",""子衿食园"",""二层"",""馄饨""]",二层,风味窗口,学校新生指南明确菜品及楼层；米粉/黄焖鸡米饭沿用现有列表菜名,estimated,152.9,7.2,20.2,4.8,"{""components"":{""grain"":80,""pork"":80,""veg"":100,""oil"":8,""sugar"":3},""portionG"":350,""notes"":""粉按干重；小笼包约6只/份，其他饺/馄饨为一份示例，不含额外蘸料""}",https://wjw.baoji.gov.cn/col2223/col2269/202403/P020241228641521653546.pdf
cufe,中央财经大学,学院南路校区,子衿食园,米粉米线,面食,13.00,元/份,500,估计成品可食部约500g/份,"[""谷物/面粉（干）"", ""瘦肉（可食部生重）"", ""蔬菜""]","[""小麦""]",573,26.8,80.1,16.2,,,[],[],待核实,上架,/assets/zhongcai/%E7%B1%B3%E7%B2%89%C2%B7%E7%B1%B3%E7%BA%BF.png,中财创新发展学院新生攻略,https://sind.cufe.edu.cn/info/1039/3691.htm,,学校新生指南明确菜品及楼层；米粉/黄焖鸡米饭沿用现有列表菜名,参考估价（非学校公布现价）：沿用目录同名菜品参考价；上线经用户确认，后勤核价后替换,预估而非实测；NHC2024附录2交换份，明确配方假设：谷物/面粉（干）90g；瘦肉（可食部生重）80g；蔬菜100g；烹调用油（实际入口估计）12g；糖4g；成品份量估计；能量=4×蛋白质+4×碳水+9×脂肪；纤维/钠未知；粉/面按干重90g，含汤；主食干重按相近谷物交换份估算,"[""cufe"",""学院南路校区"",""子衿食园"",""二层"",""米粉米线""]",二层,风味窗口,学校新生指南明确菜品及楼层；米粉/黄焖鸡米饭沿用现有列表菜名,estimated,114.6,5.4,16.0,3.2,"{""components"":{""grain"":90,""lean"":80,""veg"":100,""oil"":12,""sugar"":4},""portionG"":500,""notes"":""粉/面按干重90g，含汤；主食干重按相近谷物交换份估算""}",https://wjw.baoji.gov.cn/col2223/col2269/202403/P020241228641521653546.pdf
cufe,中央财经大学,学院南路校区,子衿食园,麻辣烫,面食,15.00,元/份,500,估计成品可食部约500g/份,"[""淀粉/粉条（干）"", ""禽肉（可食部生重）"", ""北豆腐"", ""蔬菜""]","[""大豆""]",654,29.6,60.1,32.8,,,[],[],待核实,上架,/assets/zhongcai/%E9%BA%BB%E8%BE%A3%E7%83%AB%C2%B7.png,中财创新发展学院新生攻略,https://sind.cufe.edu.cn/info/1039/3691.htm,,学校新生指南明确菜品及楼层；米粉/黄焖鸡米饭沿用现有列表菜名,参考估价（非学校公布现价）：沿用目录同名菜品参考价；上线经用户确认，后勤核价后替换,预估而非实测；NHC2024附录2交换份，明确配方假设：淀粉/粉条（干）50g；禽肉（可食部生重）80g；北豆腐100g；蔬菜150g；烹调用油（实际入口估计）18g；糖5g；成品份量估计；能量=4×蛋白质+4×碳水+9×脂肪；纤维/钠未知；干粉50g；含汤，不按整锅汤底用油全部入口计算,"[""cufe"",""学院南路校区"",""子衿食园"",""二层"",""麻辣烫""]",二层,风味窗口,学校新生指南明确菜品及楼层；米粉/黄焖鸡米饭沿用现有列表菜名,estimated,130.8,5.9,12.0,6.6,"{""components"":{""starch"":50,""poultry"":80,""tofu"":100,""veg"":150,""oil"":18,""sugar"":5},""portionG"":500,""notes"":""干粉50g；含汤，不按整锅汤底用油全部入口计算""}",https://wjw.baoji.gov.cn/col2223/col2269/202403/P020241228641521653546.pdf
cufe,中央财经大学,学院南路校区,子衿食园,麻辣香锅,汤品,18.00,元/份,450,估计成品可食部约450g/份,"[""禽肉（可食部生重）"", ""薯芋类"", ""蔬菜"", ""豆皮/豆干""]","[""大豆""]",836,30.0,52.0,56.4,,,[],[],待核实,上架,/assets/zhongcai/%E9%BA%BB%E8%BE%A3%E9%A6%99%E9%94%85.png,中财创新发展学院新生攻略,https://sind.cufe.edu.cn/info/1039/3691.htm,,学校新生指南明确菜品及楼层；米粉/黄焖鸡米饭沿用现有列表菜名,参考估价（非学校公布现价）：沿用目录同名菜品参考价；上线经用户确认，后勤核价后替换,预估而非实测；NHC2024附录2交换份，明确配方假设：禽肉（可食部生重）100g；薯芋类150g；蔬菜150g；豆皮/豆干40g；烹调用油（实际入口估计）40g；糖8g；成品份量估计；能量=4×蛋白质+4×碳水+9×脂肪；纤维/钠未知；不含米饭；40g为估计实际入口的烹调用油，食材自选导致很大波动,"[""cufe"",""学院南路校区"",""子衿食园"",""二层"",""麻辣香锅""]",二层,风味窗口,学校新生指南明确菜品及楼层；米粉/黄焖鸡米饭沿用现有列表菜名,estimated,185.8,6.7,11.6,12.5,"{""components"":{""poultry"":100,""potato"":150,""veg"":150,""beancurd"":40,""oil"":40,""sugar"":8},""portionG"":450,""notes"":""不含米饭；40g为估计实际入口的烹调用油，食材自选导致很大波动""}",https://wjw.baoji.gov.cn/col2223/col2269/202403/P020241228641521653546.pdf
cufe,中央财经大学,学院南路校区,子衿食园,黄焖鸡,套餐,18.00,元/份,500,估计成品可食部约500g/份,"[""熟米饭"", ""禽肉（可食部生重）"", ""蔬菜"", ""薯芋类""]",[],807,35.0,83.4,37.0,,,[],[],待核实,上架,/assets/zhongcai/%E9%BB%84%E7%84%96%E9%B8%A1.png,中财创新发展学院新生攻略,https://sind.cufe.edu.cn/info/1039/3691.htm,,学校新生指南明确菜品及楼层；米粉/黄焖鸡米饭沿用现有列表菜名,参考估价（非学校公布现价）：沿用目录同名菜品参考价；上线经用户确认，后勤核价后替换,预估而非实测；NHC2024附录2交换份，明确配方假设：熟米饭220g；禽肉（可食部生重）150g；蔬菜100g；薯芋类50g；烹调用油（实际入口估计）18g；糖8g；成品份量估计；能量=4×蛋白质+4×碳水+9×脂肪；纤维/钠未知；有米饭的菜按熟米饭220g；禽肉为可食部生重，包含一般带皮肉脂肪,"[""cufe"",""学院南路校区"",""子衿食园"",""二层"",""黄焖鸡""]",二层,风味窗口,学校新生指南明确菜品及楼层；米粉/黄焖鸡米饭沿用现有列表菜名,estimated,161.4,7.0,16.7,7.4,"{""components"":{""rice"":220,""poultry"":150,""veg"":100,""potato"":50,""oil"":18,""sugar"":8},""portionG"":500,""notes"":""有米饭的菜按熟米饭220g；禽肉为可食部生重，包含一般带皮肉脂肪""}",https://wjw.baoji.gov.cn/col2223/col2269/202403/P020241228641521653546.pdf
cufe,中央财经大学,学院南路校区,子衿食园,烤鱼饭,套餐,18.00,元/份,500,估计成品可食部约500g/份,"[""熟米饭"", ""鱼肉（可食部）"", ""南豆腐"", ""蔬菜""]","[""大豆"", ""鱼""]",774,41.3,73.9,34.8,,,[],[],待核实,上架,,中财创新发展学院新生攻略,https://sind.cufe.edu.cn/info/1039/3691.htm,,学校新生指南明确菜品及楼层；米粉/黄焖鸡米饭沿用现有列表菜名,参考估价（非学校公布现价）：按目录同类餐品价格档位估计；上线经用户确认，后勤核价后替换,预估而非实测；NHC2024附录2交换份，明确配方假设：熟米饭220g；鱼肉（可食部）150g；南豆腐100g；蔬菜100g；烹调用油（实际入口估计）25g；糖6g；成品份量估计；能量=4×蛋白质+4×碳水+9×脂肪；纤维/钠未知；,"[""cufe"",""学院南路校区"",""子衿食园"",""二层"",""烤鱼饭""]",二层,风味窗口,学校新生指南明确菜品及楼层；米粉/黄焖鸡米饭沿用现有列表菜名,estimated,154.8,8.3,14.8,7.0,"{""components"":{""rice"":220,""fish"":150,""softtofu"":100,""veg"":100,""oil"":25,""sugar"":6},""portionG"":500,""notes"":""""}",https://wjw.baoji.gov.cn/col2223/col2269/202403/P020241228641521653546.pdf
bjfu,北京林业大学,东区,东区食堂,自选菜,自选,14.00,元/份,500,估计成品可食部约500g/份,"[""熟米饭"", ""中脂肉（可食部生重）"", ""北豆腐"", ""蔬菜""]","[""大豆""]",717,33.8,73.0,32.2,,,[],[],待核实,上架,,北林信院新生手册,https://bjfu-book2.pages.dev/canteen/,,学生新生手册明确推荐菜及楼层；非实时在售证明,参考估价（非学校公布现价）：沿用目录同名菜品参考价；上线经用户确认，后勤核价后替换,预估而非实测；NHC2024附录2交换份，明确配方假设：熟米饭220g；中脂肉（可食部生重）100g；北豆腐50g；蔬菜150g；烹调用油（实际入口估计）20g；糖5g；成品份量估计；能量=4×蛋白质+4×碳水+9×脂肪；纤维/钠未知；自选配菜示例，非固定配方；不凭本值推荐为低脂,"[""bjfu"",""东区"",""东区食堂"",""二层"",""自选菜""]",二层,禾园餐厅,学生新生手册明确推荐菜及楼层；非实时在售证明,estimated,143.4,6.8,14.6,6.4,"{""components"":{""rice"":220,""pork"":100,""tofu"":50,""veg"":150,""oil"":20,""sugar"":5},""portionG"":500,""notes"":""自选配菜示例，非固定配方；不凭本值推荐为低脂""}",https://wjw.baoji.gov.cn/col2223/col2269/202403/P020241228641521653546.pdf
bjfu,北京林业大学,东区,东区食堂,减脂餐,轻食,18.00,元/份,450,估计成品可食部约450g/份,"[""熟米饭"", ""瘦肉（可食部生重）"", ""蔬菜""]",[],458,34.0,57.0,10.4,,,[],[],待核实,上架,,北林信院新生手册,https://bjfu-book2.pages.dev/canteen/,,学生新生手册明确推荐菜及楼层；非实时在售证明,参考估价（非学校公布现价）：按目录同类餐品价格档位估计；上线经用户确认，后勤核价后替换,预估而非实测；NHC2024附录2交换份，明确配方假设：熟米饭150g；瘦肉（可食部生重）130g；蔬菜220g；烹调用油（实际入口估计）6g；糖2g；成品份量估计；能量=4×蛋白质+4×碳水+9×脂肪；纤维/钠未知；少油场景；去皮鸡胸按瘦肉交换份代理估算，酱汁另计，名称不能保证低脂,"[""bjfu"",""东区"",""东区食堂"",""二层"",""减脂餐""]",二层,禾园餐厅,学生新生手册明确推荐菜及楼层；非实时在售证明,estimated,101.8,7.6,12.7,2.3,"{""components"":{""rice"":150,""lean"":130,""veg"":220,""oil"":6,""sugar"":2},""portionG"":450,""notes"":""少油场景；去皮鸡胸按瘦肉交换份代理估算，酱汁另计，名称不能保证低脂""}",https://wjw.baoji.gov.cn/col2223/col2269/202403/P020241228641521653546.pdf
bjfu,北京林业大学,东区,东区教职工食堂,红烧肉,热菜,12.00,元/份,250,估计成品可食部约250g/份,"[""高脂肉（可食部生重）"", ""蔬菜""]",[],648,24.9,21.9,51.2,,,[],[],待核实,上架,,北林信院新生手册,https://bjfu-book2.pages.dev/canteen/,,学生新生手册明确推荐菜及楼层；早餐/午餐学生访问有限制,参考估价（非学校公布现价）：按目录同类餐品价格档位估计；上线经用户确认，后勤核价后替换,预估而非实测；NHC2024附录2交换份，明确配方假设：高脂肉（可食部生重）160g；蔬菜50g；烹调用油（实际入口估计）10g；糖15g；成品份量估计；能量=4×蛋白质+4×碳水+9×脂肪；纤维/钠未知；可食部生重160g，不含额外米饭,"[""bjfu"",""东区"",""东区教职工食堂"",""二层"",""红烧肉""]",二层,教工食堂,学生新生手册明确推荐菜及楼层；早餐/午餐学生访问有限制,estimated,259.2,10.0,8.8,20.5,"{""components"":{""fatty"":160,""veg"":50,""oil"":10,""sugar"":15},""portionG"":250,""notes"":""可食部生重160g，不含额外米饭""}",https://wjw.baoji.gov.cn/col2223/col2269/202403/P020241228641521653546.pdf
bjfu,北京林业大学,东区,东区教职工食堂,粥,早餐,4.00,元/份,300,估计成品可食部约300g/份,"[""谷物/面粉（干）""]","[""小麦""]",127,3.5,26.6,0.7,,,[],[],待核实,上架,,北林信院新生手册,https://bjfu-book2.pages.dev/canteen/,,学生新生手册明确推荐菜及楼层；早餐/午餐学生访问有限制,参考估价（非学校公布现价）：沿用目录同名菜品参考价；上线经用户确认，后勤核价后替换,预估而非实测；NHC2024附录2交换份，明确配方假设：谷物/面粉（干）35g；成品份量估计；能量=4×蛋白质+4×碳水+9×脂肪；纤维/钠未知；谷物杂豆均为干重；粥不含默认糖,"[""bjfu"",""东区"",""东区教职工食堂"",""二层"",""粥""]",二层,教工食堂,学生新生手册明确推荐菜及楼层；早餐/午餐学生访问有限制,estimated,42.3,1.2,8.9,0.2,"{""components"":{""grain"":35},""portionG"":300,""notes"":""谷物杂豆均为干重；粥不含默认糖""}",https://wjw.baoji.gov.cn/col2223/col2269/202403/P020241228641521653546.pdf
bjfu,北京林业大学,东区,东区教职工食堂,半只鸡米线,套餐,18.00,元/份,700,估计成品可食部约700g/份,"[""谷物/面粉（干）"", ""蔬菜"", ""禽肉（可食部生重）""]","[""小麦""]",890,49.5,81.9,40.5,,,[],[],待核实,上架,,北林信院新生手册,https://bjfu-book2.pages.dev/canteen/,,学生新生手册明确推荐菜及楼层；早餐/午餐学生访问有限制,参考估价（非学校公布现价）：按目录同类餐品价格档位估计；上线经用户确认，后勤核价后替换,预估而非实测；NHC2024附录2交换份，明确配方假设：谷物/面粉（干）90g；蔬菜100g；烹调用油（实际入口估计）12g；糖4g；禽肉（可食部生重）220g；成品份量估计；能量=4×蛋白质+4×碳水+9×脂肪；纤维/钠未知；粉/面按干重90g，含汤；主食干重按相近谷物交换份估算,"[""bjfu"",""东区"",""东区教职工食堂"",""二层"",""半只鸡米线""]",二层,教工食堂,学生新生手册明确推荐菜及楼层；早餐/午餐学生访问有限制,estimated,127.1,7.1,11.7,5.8,"{""components"":{""grain"":90,""veg"":100,""oil"":12,""sugar"":4,""poultry"":220},""portionG"":700,""notes"":""粉/面按干重90g，含汤；主食干重按相近谷物交换份估算""}",https://wjw.baoji.gov.cn/col2223/col2269/202403/P020241228641521653546.pdf
bjfu,北京林业大学,东区,东区教职工食堂,银耳汤,甜品,8.00,元/份,350,估计成品可食部约350g/份,"[""杂豆（干）"", ""水果""]",[],237,4.9,52.7,0.7,,,[],[],待核实,上架,,北林信院新生手册,https://bjfu-book2.pages.dev/canteen/,,学生新生手册明确推荐菜及楼层；早餐/午餐学生访问有限制,参考估价（非学校公布现价）：按目录同类餐品价格档位估计；上线经用户确认，后勤核价后替换,预估而非实测；NHC2024附录2交换份，明确配方假设：杂豆（干）20g；水果80g；糖30g；成品份量估计；能量=4×蛋白质+4×碳水+9×脂肪；纤维/钠未知；杂豆按干重，含糖30g为场景估计,"[""bjfu"",""东区"",""东区教职工食堂"",""二层"",""银耳汤""]",二层,教工食堂,学生新生手册明确推荐菜及楼层；早餐/午餐学生访问有限制,estimated,67.7,1.4,15.1,0.2,"{""components"":{""bean"":20,""fruit"":80,""sugar"":30},""portionG"":350,""notes"":""杂豆按干重，含糖30g为场景估计""}",https://wjw.baoji.gov.cn/col2223/col2269/202403/P020241228641521653546.pdf
bjfu,北京林业大学,东区,东区教职工食堂,沙威玛卷饼,套餐,18.00,元/份,400,估计成品可食部约400g/份,"[""谷物/面粉（干）"", ""鸡蛋"", ""瘦肉（可食部生重）"", ""薯芋类"", ""蔬菜""]","[""小麦"", ""蛋""]",814,35.2,94.4,32.8,,,[],[],待核实,上架,,北林信院新生手册,https://bjfu-book2.pages.dev/canteen/,,学生新生手册明确推荐菜及楼层；早餐/午餐学生访问有限制,参考估价（非学校公布现价）：按目录同类餐品价格档位估计；上线经用户确认，后勤核价后替换,预估而非实测；NHC2024附录2交换份，明确配方假设：谷物/面粉（干）90g；鸡蛋60g；烹调用油（实际入口估计）22g；糖6g；瘦肉（可食部生重）80g；薯芋类60g；蔬菜80g；成品份量估计；能量=4×蛋白质+4×碳水+9×脂肪；纤维/钠未知；油含炸物吸油/烙饼实际入口量的场景估计,"[""bjfu"",""东区"",""东区教职工食堂"",""二层"",""沙威玛卷饼""]",二层,教工食堂,学生新生手册明确推荐菜及楼层；早餐/午餐学生访问有限制,estimated,203.5,8.8,23.6,8.2,"{""components"":{""grain"":90,""egg"":60,""oil"":22,""sugar"":6,""lean"":80,""potato"":60,""veg"":80},""portionG"":400,""notes"":""油含炸物吸油/烙饼实际入口量的场景估计""}",https://wjw.baoji.gov.cn/col2223/col2269/202403/P020241228641521653546.pdf
bjfu,北京林业大学,西区,西区食堂,椰子鸡,套餐,24.00,元/份,500,估计成品可食部约500g/份,"[""禽肉（可食部生重）"", ""鲜菌菇"", ""水果""]",[],439,34.8,14.3,27.0,,,[],[],待核实,上架,,北林信院新生手册,https://bjfu-book2.pages.dev/canteen/,,学生新生手册明确推荐菜及楼层；非实时在售证明,参考估价（非学校公布现价）：沿用目录同名菜品参考价；上线经用户确认，后勤核价后替换,预估而非实测；NHC2024附录2交换份，明确配方假设：禽肉（可食部生重）180g；鲜菌菇100g；水果50g；烹调用油（实际入口估计）5g；成品份量估计；能量=4×蛋白质+4×碳水+9×脂肪；纤维/钠未知；含汤；椰汁暂按水果交换代理，不是含骨整鸡重量,"[""bjfu"",""西区"",""西区食堂"",""负一层"",""椰子鸡""]",负一层,小时光,学生新生手册明确推荐菜及楼层；非实时在售证明,estimated,87.8,7.0,2.9,5.4,"{""components"":{""poultry"":180,""mushroom"":100,""fruit"":50,""oil"":5},""portionG"":500,""notes"":""含汤；椰汁暂按水果交换代理，不是含骨整鸡重量""}",https://wjw.baoji.gov.cn/col2223/col2269/202403/P020241228641521653546.pdf
bjfu,北京林业大学,西区,西区食堂,土豆糊糊鸡,套餐,18.00,元/份,450,估计成品可食部约450g/份,"[""谷物/面粉（干）"", ""薯芋类"", ""禽肉（可食部生重）""]","[""小麦""]",790,28.5,97.2,31.9,,,[],[],待核实,上架,,北林信院新生手册,https://bjfu-book2.pages.dev/canteen/,,学生新生手册明确推荐菜及楼层；非实时在售证明,参考估价（非学校公布现价）：按目录同类餐品价格档位估计；上线经用户确认，后勤核价后替换,预估而非实测；NHC2024附录2交换份，明确配方假设：谷物/面粉（干）80g；薯芋类150g；禽肉（可食部生重）100g；烹调用油（实际入口估计）18g；糖5g；成品份量估计；能量=4×蛋白质+4×碳水+9×脂肪；纤维/钠未知；,"[""bjfu"",""西区"",""西区食堂"",""一层"",""土豆糊糊鸡""]",一层,学二食堂,学生新生手册明确推荐菜及楼层；非实时在售证明,estimated,175.6,6.3,21.6,7.1,"{""components"":{""grain"":80,""potato"":150,""poultry"":100,""oil"":18,""sugar"":5},""portionG"":450,""notes"":""""}",https://wjw.baoji.gov.cn/col2223/col2269/202403/P020241228641521653546.pdf
bjfu,北京林业大学,西区,西区食堂,土豆泥糊糊排骨,面食,14.00,元/份,450,估计成品可食部约450g/份,"[""谷物/面粉（干）"", ""薯芋类"", ""禽肉（可食部生重）""]","[""小麦""]",790,28.5,97.2,31.9,,,[],[],待核实,上架,,北林信院新生手册,https://bjfu-book2.pages.dev/canteen/,,学生新生手册明确推荐菜及楼层；非实时在售证明,参考估价（非学校公布现价）：按目录同类餐品价格档位估计；上线经用户确认，后勤核价后替换,预估而非实测；NHC2024附录2交换份，明确配方假设：谷物/面粉（干）80g；薯芋类150g；禽肉（可食部生重）100g；烹调用油（实际入口估计）18g；糖5g；成品份量估计；能量=4×蛋白质+4×碳水+9×脂肪；纤维/钠未知；,"[""bjfu"",""西区"",""西区食堂"",""一层"",""土豆泥糊糊排骨""]",一层,学二食堂,学生新生手册明确推荐菜及楼层；非实时在售证明,estimated,175.6,6.3,21.6,7.1,"{""components"":{""grain"":80,""potato"":150,""poultry"":100,""oil"":18,""sugar"":5},""portionG"":450,""notes"":""""}",https://wjw.baoji.gov.cn/col2223/col2269/202403/P020241228641521653546.pdf
bjfu,北京林业大学,西区,西区食堂,擂椒饭,套餐,18.00,元/份,500,估计成品可食部约500g/份,"[""熟米饭"", ""鸡蛋"", ""禽肉（可食部生重）"", ""蔬菜""]","[""蛋""]",819,33.7,82.1,39.5,,,[],[],待核实,上架,,北林信院新生手册,https://bjfu-book2.pages.dev/canteen/,,学生新生手册明确推荐菜及楼层；非实时在售证明,参考估价（非学校公布现价）：按目录同类餐品价格档位估计；上线经用户确认，后勤核价后替换,预估而非实测；NHC2024附录2交换份，明确配方假设：熟米饭250g；鸡蛋60g；禽肉（可食部生重）100g；蔬菜100g；烹调用油（实际入口估计）20g；糖8g；成品份量估计；能量=4×蛋白质+4×碳水+9×脂肪；纤维/钠未知；,"[""bjfu"",""西区"",""西区食堂"",""一层"",""擂椒饭""]",一层,学二食堂,学生新生手册明确推荐菜及楼层；非实时在售证明,estimated,163.8,6.7,16.4,7.9,"{""components"":{""rice"":250,""egg"":60,""poultry"":100,""veg"":100,""oil"":20,""sugar"":8},""portionG"":500,""notes"":""""}",https://wjw.baoji.gov.cn/col2223/col2269/202403/P020241228641521653546.pdf
bjfu,北京林业大学,西区,西区食堂,葱油饼,面食,14.00,元/份,220,估计成品可食部约220g/份,"[""谷物/面粉（干）"", ""鸡蛋""]","[""小麦"", ""蛋""]",644,16.6,76.0,30.4,,,[],[],待核实,上架,,北林信院新生手册,https://bjfu-book2.pages.dev/canteen/,,学生新生手册明确推荐菜及楼层；非实时在售证明,参考估价（非学校公布现价）：按目录同类餐品价格档位估计；上线经用户确认，后勤核价后替换,预估而非实测；NHC2024附录2交换份，明确配方假设：谷物/面粉（干）90g；鸡蛋60g；烹调用油（实际入口估计）22g；糖6g；成品份量估计；能量=4×蛋白质+4×碳水+9×脂肪；纤维/钠未知；油含炸物吸油/烙饼实际入口量的场景估计,"[""bjfu"",""西区"",""西区食堂"",""二层"",""葱油饼""]",二层,齐芳阁,学生新生手册明确推荐菜及楼层；非实时在售证明,estimated,292.7,7.5,34.5,13.8,"{""components"":{""grain"":90,""egg"":60,""oil"":22,""sugar"":6},""portionG"":220,""notes"":""油含炸物吸油/烙饼实际入口量的场景估计""}",https://wjw.baoji.gov.cn/col2223/col2269/202403/P020241228641521653546.pdf
bjfu,北京林业大学,西区,西区食堂,烤盘饭,套餐,19.00,元/份,500,估计成品可食部约500g/份,"[""熟米饭"", ""中脂肉（可食部生重）"", ""蔬菜""]",[],728,31.5,79.7,31.5,,,[],[],待核实,上架,,北林信院新生手册,https://bjfu-book2.pages.dev/canteen/,,学生新生手册明确推荐菜及楼层；非实时在售证明,参考估价（非学校公布现价）：沿用目录同名菜品参考价；上线经用户确认，后勤核价后替换,预估而非实测；NHC2024附录2交换份，明确配方假设：熟米饭250g；中脂肉（可食部生重）120g；蔬菜100g；烹调用油（实际入口估计）20g；糖8g；成品份量估计；能量=4×蛋白质+4×碳水+9×脂肪；纤维/钠未知；熟米饭250g，肉类可食部生重120g，油为估计入口量,"[""bjfu"",""西区"",""西区食堂"",""二层"",""烤盘饭""]",二层,齐芳阁,学生新生手册明确推荐菜及楼层；非实时在售证明,estimated,145.6,6.3,15.9,6.3,"{""components"":{""rice"":250,""pork"":120,""veg"":100,""oil"":20,""sugar"":8},""portionG"":500,""notes"":""熟米饭250g，肉类可食部生重120g，油为估计入口量""}",https://wjw.baoji.gov.cn/col2223/col2269/202403/P020241228641521653546.pdf
bjfu,北京林业大学,西区,西区食堂,麻辣烫,面食,15.00,元/份,500,估计成品可食部约500g/份,"[""淀粉/粉条（干）"", ""禽肉（可食部生重）"", ""北豆腐"", ""蔬菜""]","[""大豆""]",654,29.6,60.1,32.8,,,[],[],待核实,上架,/assets/zhongcai/%E9%BA%BB%E8%BE%A3%E7%83%AB%C2%B7.png,北林信院新生手册,https://bjfu-book2.pages.dev/canteen/,,学生新生手册明确推荐菜及楼层；非实时在售证明,参考估价（非学校公布现价）：沿用目录同名菜品参考价；上线经用户确认，后勤核价后替换,预估而非实测；NHC2024附录2交换份，明确配方假设：淀粉/粉条（干）50g；禽肉（可食部生重）80g；北豆腐100g；蔬菜150g；烹调用油（实际入口估计）18g；糖5g；成品份量估计；能量=4×蛋白质+4×碳水+9×脂肪；纤维/钠未知；干粉50g；含汤，不按整锅汤底用油全部入口计算,"[""bjfu"",""西区"",""西区食堂"",""二层"",""麻辣烫""]",二层,齐芳阁,学生新生手册明确推荐菜及楼层；非实时在售证明,estimated,130.8,5.9,12.0,6.6,"{""components"":{""starch"":50,""poultry"":80,""tofu"":100,""veg"":150,""oil"":18,""sugar"":5},""portionG"":500,""notes"":""干粉50g；含汤，不按整锅汤底用油全部入口计算""}",https://wjw.baoji.gov.cn/col2223/col2269/202403/P020241228641521653546.pdf
bjfu,北京林业大学,西区,西区食堂,糖醋洋芋,热菜,12.00,元/份,220,估计成品可食部约220g/份,"[""薯芋类""]",[],528,4.2,64.0,28.4,,,[],[],待核实,上架,,北林信院新生手册,https://bjfu-book2.pages.dev/canteen/,,学生新生手册明确推荐菜及楼层；非实时在售证明,参考估价（非学校公布现价）：按目录同类餐品价格档位估计；上线经用户确认，后勤核价后替换,预估而非实测；NHC2024附录2交换份，明确配方假设：薯芋类220g；烹调用油（实际入口估计）28g；糖20g；成品份量估计；能量=4×蛋白质+4×碳水+9×脂肪；纤维/钠未知；,"[""bjfu"",""西区"",""西区食堂"",""三层"",""糖醋洋芋""]",三层,林汇园,学生新生手册明确推荐菜及楼层；非实时在售证明,estimated,240.0,1.9,29.1,12.9,"{""components"":{""potato"":220,""oil"":28,""sugar"":20},""portionG"":220,""notes"":""""}",https://wjw.baoji.gov.cn/col2223/col2269/202403/P020241228641521653546.pdf
bjfu,北京林业大学,西区,西区食堂,重庆小面,面食,12.00,元/份,450,估计成品可食部约450g/份,"[""谷物/面粉（干）"", ""瘦肉（可食部生重）"", ""蔬菜"", ""坚果""]","[""小麦"", ""花生"", ""芝麻""]",706,20.6,87.6,30.3,,,[],[],待核实,上架,/assets/zhongcai/%E9%87%8D%E5%BA%86%E5%B0%8F%E9%9D%A2.png,北林信院新生手册,https://bjfu-book2.pages.dev/canteen/,,学生新生手册明确推荐菜及楼层；非实时在售证明,参考估价（非学校公布现价）：沿用目录同名菜品参考价；上线经用户确认，后勤核价后替换,预估而非实测；NHC2024附录2交换份，明确配方假设：谷物/面粉（干）100g；瘦肉（可食部生重）35g；蔬菜80g；坚果10g；烹调用油（实际入口估计）22g；糖4g；成品份量估计；能量=4×蛋白质+4×碳水+9×脂肪；纤维/钠未知；面粉/米粉按干重100g，成品面条含水；豌杂面另以杂豆替代20g主食,"[""bjfu"",""西区"",""西区食堂"",""三层"",""重庆小面""]",三层,林汇园,学生新生手册明确推荐菜及楼层；非实时在售证明,estimated,156.9,4.6,19.5,6.7,"{""components"":{""grain"":100,""lean"":35,""veg"":80,""nuts"":10,""oil"":22,""sugar"":4},""portionG"":450,""notes"":""面粉/米粉按干重100g，成品面条含水；豌杂面另以杂豆替代20g主食""}",https://wjw.baoji.gov.cn/col2223/col2269/202403/P020241228641521653546.pdf
bjfu,北京林业大学,西区,西区食堂,川菜盖饭,套餐,18.00,元/份,500,估计成品可食部约500g/份,"[""熟米饭"", ""中脂肉（可食部生重）"", ""北豆腐"", ""蔬菜""]","[""大豆""]",717,33.8,73.0,32.2,,,[],[],待核实,上架,,北林信院新生手册,https://bjfu-book2.pages.dev/canteen/,,学生新生手册明确推荐菜及楼层；非实时在售证明,参考估价（非学校公布现价）：按目录同类餐品价格档位估计；上线经用户确认，后勤核价后替换,预估而非实测；NHC2024附录2交换份，明确配方假设：熟米饭220g；中脂肉（可食部生重）100g；北豆腐50g；蔬菜150g；烹调用油（实际入口估计）20g；糖5g；成品份量估计；能量=4×蛋白质+4×碳水+9×脂肪；纤维/钠未知；自选配菜示例，非固定配方；不凭本值推荐为低脂,"[""bjfu"",""西区"",""西区食堂"",""三层"",""川菜盖饭""]",三层,林汇园,学生新生手册明确推荐菜及楼层；非实时在售证明,estimated,143.4,6.8,14.6,6.4,"{""components"":{""rice"":220,""pork"":100,""tofu"":50,""veg"":150,""oil"":20,""sugar"":5},""portionG"":500,""notes"":""自选配菜示例，非固定配方；不凭本值推荐为低脂""}",https://wjw.baoji.gov.cn/col2223/col2269/202403/P020241228641521653546.pdf
bjfu,北京林业大学,西区,西区食堂,分米鸡,套餐,18.00,元/份,500,估计成品可食部约500g/份,"[""熟米饭"", ""鸡蛋"", ""禽肉（可食部生重）"", ""蔬菜""]","[""蛋""]",819,33.7,82.1,39.5,,,[],[],待核实,上架,,北林信院新生手册,https://bjfu-book2.pages.dev/canteen/,,学生新生手册明确推荐菜及楼层；非实时在售证明,参考估价（非学校公布现价）：按目录同类餐品价格档位估计；上线经用户确认，后勤核价后替换,预估而非实测；NHC2024附录2交换份，明确配方假设：熟米饭250g；鸡蛋60g；禽肉（可食部生重）100g；蔬菜100g；烹调用油（实际入口估计）20g；糖8g；成品份量估计；能量=4×蛋白质+4×碳水+9×脂肪；纤维/钠未知；,"[""bjfu"",""西区"",""西区食堂"",""三层"",""分米鸡""]",三层,林汇园,学生新生手册明确推荐菜及楼层；非实时在售证明,estimated,163.8,6.7,16.4,7.9,"{""components"":{""rice"":250,""egg"":60,""poultry"":100,""veg"":100,""oil"":20,""sugar"":8},""portionG"":500,""notes"":""""}",https://wjw.baoji.gov.cn/col2223/col2269/202403/P020241228641521653546.pdf
bjfu,北京林业大学,西区,西区食堂,豌杂面,面食,14.00,元/份,450,估计成品可食部约450g/份,"[""谷物/面粉（干）"", ""瘦肉（可食部生重）"", ""蔬菜"", ""坚果"", ""杂豆（干）""]","[""小麦"", ""花生"", ""芝麻""]",702,23.0,84.4,30.3,,,[],[],待核实,上架,,北林信院新生手册,https://bjfu-book2.pages.dev/canteen/,,学生新生手册明确推荐菜及楼层；非实时在售证明,参考估价（非学校公布现价）：按目录同类餐品价格档位估计；上线经用户确认，后勤核价后替换,预估而非实测；NHC2024附录2交换份，明确配方假设：谷物/面粉（干）80g；瘦肉（可食部生重）35g；蔬菜80g；坚果10g；烹调用油（实际入口估计）22g；糖4g；杂豆（干）20g；成品份量估计；能量=4×蛋白质+4×碳水+9×脂肪；纤维/钠未知；面粉/米粉按干重100g，成品面条含水；豌杂面另以杂豆替代20g主食,"[""bjfu"",""西区"",""西区食堂"",""三层"",""豌杂面""]",三层,林汇园,学生新生手册明确推荐菜及楼层；非实时在售证明,estimated,156.0,5.1,18.8,6.7,"{""components"":{""grain"":80,""lean"":35,""veg"":80,""nuts"":10,""oil"":22,""sugar"":4,""bean"":20},""portionG"":450,""notes"":""面粉/米粉按干重100g，成品面条含水；豌杂面另以杂豆替代20g主食""}",https://wjw.baoji.gov.cn/col2223/col2269/202403/P020241228641521653546.pdf
bjfu,北京林业大学,西区,西区食堂,鱼籽拌饭,套餐,18.00,元/份,400,估计成品可食部约400g/份,"[""熟米饭"", ""鱼肉（可食部）"", ""蔬菜""]","[""鱼""]",560,20.9,76.7,18.9,,,[],[],待核实,上架,,北林信院新生手册,https://bjfu-book2.pages.dev/canteen/,,学生新生手册明确推荐菜及楼层；非实时在售证明,参考估价（非学校公布现价）：按目录同类餐品价格档位估计；上线经用户确认，后勤核价后替换,预估而非实测；NHC2024附录2交换份，明确配方假设：熟米饭250g；鱼肉（可食部）70g；蔬菜80g；烹调用油（实际入口估计）15g；糖6g；成品份量估计；能量=4×蛋白质+4×碳水+9×脂肪；纤维/钠未知；鱼籽成分未知，以鱼肉交换份代理，不用于高蛋白推荐,"[""bjfu"",""西区"",""西区食堂"",""三层"",""鱼籽拌饭""]",三层,林汇园,学生新生手册明确推荐菜及楼层；非实时在售证明,estimated,140.0,5.2,19.2,4.7,"{""components"":{""rice"":250,""fish"":70,""veg"":80,""oil"":15,""sugar"":6},""portionG"":400,""notes"":""鱼籽成分未知，以鱼肉交换份代理，不用于高蛋白推荐""}",https://wjw.baoji.gov.cn/col2223/col2269/202403/P020241228641521653546.pdf
bjfu,北京林业大学,东区,烘焙坊,黄油年糕,甜品,8.00,元/份,220,估计成品可食部约220g/份,"[""糕点或油炸食品"", ""乳制品""]","[""奶""]",598,11.1,96.9,18.5,,,[],[],待核实,上架,,北林信院新生手册,https://bjfu-book2.pages.dev/canteen/,,学生新生手册明确甜点；无座位场所不计每层10道座位食堂指标,参考估价（非学校公布现价）：按目录同类餐品价格档位估计；上线经用户确认，后勤核价后替换,预估而非实测；NHC2024附录2交换份，明确配方假设：糕点或油炸食品120g；乳制品80g；糖15g；成品份量估计；能量=4×蛋白质+4×碳水+9×脂肪；纤维/钠未知；糕点/油炸交换份代理，品牌配方未知,"[""bjfu"",""东区"",""烘焙坊"",""一层"",""黄油年糕""]",一层,烘焙坊,学生新生手册明确甜点；无座位场所不计每层10道座位食堂指标,estimated,271.8,5.0,44.0,8.4,"{""components"":{""pastry"":120,""milk"":80,""sugar"":15},""portionG"":220,""notes"":""糕点/油炸交换份代理，品牌配方未知""}",https://wjw.baoji.gov.cn/col2223/col2269/202403/P020241228641521653546.pdf
bjfu,北京林业大学,东区,烘焙坊,蛋糕卷,甜品,8.00,元/份,220,估计成品可食部约220g/份,"[""糕点或油炸食品"", ""乳制品""]","[""奶""]",598,11.1,96.9,18.5,,,[],[],待核实,上架,,北林信院新生手册,https://bjfu-book2.pages.dev/canteen/,,学生新生手册明确甜点；无座位场所不计每层10道座位食堂指标,参考估价（非学校公布现价）：按目录同类餐品价格档位估计；上线经用户确认，后勤核价后替换,预估而非实测；NHC2024附录2交换份，明确配方假设：糕点或油炸食品120g；乳制品80g；糖15g；成品份量估计；能量=4×蛋白质+4×碳水+9×脂肪；纤维/钠未知；糕点/油炸交换份代理，品牌配方未知,"[""bjfu"",""东区"",""烘焙坊"",""一层"",""蛋糕卷""]",一层,烘焙坊,学生新生手册明确甜点；无座位场所不计每层10道座位食堂指标,estimated,271.8,5.0,44.0,8.4,"{""components"":{""pastry"":120,""milk"":80,""sugar"":15},""portionG"":220,""notes"":""糕点/油炸交换份代理，品牌配方未知""}",https://wjw.baoji.gov.cn/col2223/col2269/202403/P020241228641521653546.pdf
tju,天津大学,北洋园校区,梅园餐厅,粥,早餐,4.00,元/份,300,估计成品可食部约300g/份,"[""谷物/面粉（干）""]","[""小麦""]",127,3.5,26.6,0.7,,,[],[],待核实,上架,,北洋维基北洋园食堂,https://wiki.tjubot.cn/wiki/canteen/canteen-peiyang,,学生食堂手册明确楼层；2022—2023资料，当前需核实,参考估价（非学校公布现价）：沿用目录同名菜品参考价；上线经用户确认，后勤核价后替换,预估而非实测；NHC2024附录2交换份，明确配方假设：谷物/面粉（干）35g；成品份量估计；能量=4×蛋白质+4×碳水+9×脂肪；纤维/钠未知；谷物杂豆均为干重；粥不含默认糖,"[""tju"",""北洋园校区"",""梅园餐厅"",""一层"",""粥""]",一层,基础伙食窗口,学生食堂手册明确楼层；2022—2023资料，当前需核实,estimated,42.3,1.2,8.9,0.2,"{""components"":{""grain"":35},""portionG"":300,""notes"":""谷物杂豆均为干重；粥不含默认糖""}",https://wjw.baoji.gov.cn/col2223/col2269/202403/P020241228641521653546.pdf
tju,天津大学,北洋园校区,梅园餐厅,烧饼,早餐,4.00,元/份,220,估计成品可食部约220g/份,"[""谷物/面粉（干）"", ""鸡蛋""]","[""小麦"", ""蛋""]",644,16.6,76.0,30.4,,,[],[],待核实,上架,,北洋维基北洋园食堂,https://wiki.tjubot.cn/wiki/canteen/canteen-peiyang,,学生食堂手册明确楼层；2022—2023资料，当前需核实,参考估价（非学校公布现价）：按目录同类餐品价格档位估计；上线经用户确认，后勤核价后替换,预估而非实测；NHC2024附录2交换份，明确配方假设：谷物/面粉（干）90g；鸡蛋60g；烹调用油（实际入口估计）22g；糖6g；成品份量估计；能量=4×蛋白质+4×碳水+9×脂肪；纤维/钠未知；油含炸物吸油/烙饼实际入口量的场景估计,"[""tju"",""北洋园校区"",""梅园餐厅"",""一层"",""烧饼""]",一层,基础伙食窗口,学生食堂手册明确楼层；2022—2023资料，当前需核实,estimated,292.7,7.5,34.5,13.8,"{""components"":{""grain"":90,""egg"":60,""oil"":22,""sugar"":6},""portionG"":220,""notes"":""油含炸物吸油/烙饼实际入口量的场景估计""}",https://wjw.baoji.gov.cn/col2223/col2269/202403/P020241228641521653546.pdf
tju,天津大学,北洋园校区,梅园餐厅,馒头,早餐,4.00,元/份,100,估计成品可食部约100g/份,"[""谷物/面粉（干）""]","[""小麦""]",217,6.0,45.6,1.2,,,[],[],待核实,上架,,北洋维基北洋园食堂,https://wiki.tjubot.cn/wiki/canteen/canteen-peiyang,,学生食堂手册明确楼层；2022—2023资料，当前需核实,参考估价（非学校公布现价）：沿用目录同名菜品参考价；上线经用户确认，后勤核价后替换,预估而非实测；NHC2024附录2交换份，明确配方假设：谷物/面粉（干）60g；成品份量估计；能量=4×蛋白质+4×碳水+9×脂肪；纤维/钠未知；,"[""tju"",""北洋园校区"",""梅园餐厅"",""一层"",""馒头""]",一层,基础伙食窗口,学生食堂手册明确楼层；2022—2023资料，当前需核实,estimated,217.0,6.0,45.6,1.2,"{""components"":{""grain"":60},""portionG"":100,""notes"":""""}",https://wjw.baoji.gov.cn/col2223/col2269/202403/P020241228641521653546.pdf
tju,天津大学,北洋园校区,梅园餐厅,小笼包,面食,12.00,元/份,350,估计成品可食部约350g/份,"[""谷物/面粉（干）"", ""中脂肉（可食部生重）"", ""蔬菜""]","[""小麦""]",535,25.1,70.6,16.9,,,[],[],待核实,上架,,北洋维基北洋园食堂,https://wiki.tjubot.cn/wiki/canteen/canteen-peiyang,,学生食堂手册明确楼层；2022—2023资料，当前需核实,参考估价（非学校公布现价）：沿用目录同名菜品参考价；上线经用户确认，后勤核价后替换,预估而非实测；NHC2024附录2交换份，明确配方假设：谷物/面粉（干）80g；中脂肉（可食部生重）80g；蔬菜100g；烹调用油（实际入口估计）8g；糖3g；成品份量估计；能量=4×蛋白质+4×碳水+9×脂肪；纤维/钠未知；粉按干重；小笼包约6只/份，其他饺/馄饨为一份示例，不含额外蘸料,"[""tju"",""北洋园校区"",""梅园餐厅"",""一层"",""小笼包""]",一层,基础伙食窗口,学生食堂手册明确楼层；2022—2023资料，当前需核实,estimated,152.9,7.2,20.2,4.8,"{""components"":{""grain"":80,""pork"":80,""veg"":100,""oil"":8,""sugar"":3},""portionG"":350,""notes"":""粉按干重；小笼包约6只/份，其他饺/馄饨为一份示例，不含额外蘸料""}",https://wjw.baoji.gov.cn/col2223/col2269/202403/P020241228641521653546.pdf
tju,天津大学,北洋园校区,梅园餐厅,烧麦,面食,14.00,元/份,350,估计成品可食部约350g/份,"[""谷物/面粉（干）"", ""中脂肉（可食部生重）"", ""蔬菜""]","[""小麦""]",535,25.1,70.6,16.9,,,[],[],待核实,上架,,北洋维基北洋园食堂,https://wiki.tjubot.cn/wiki/canteen/canteen-peiyang,,学生食堂手册明确楼层；2022—2023资料，当前需核实,参考估价（非学校公布现价）：按目录同类餐品价格档位估计；上线经用户确认，后勤核价后替换,预估而非实测；NHC2024附录2交换份，明确配方假设：谷物/面粉（干）80g；中脂肉（可食部生重）80g；蔬菜100g；烹调用油（实际入口估计）8g；糖3g；成品份量估计；能量=4×蛋白质+4×碳水+9×脂肪；纤维/钠未知；粉按干重；小笼包约6只/份，其他饺/馄饨为一份示例，不含额外蘸料,"[""tju"",""北洋园校区"",""梅园餐厅"",""一层"",""烧麦""]",一层,基础伙食窗口,学生食堂手册明确楼层；2022—2023资料，当前需核实,estimated,152.9,7.2,20.2,4.8,"{""components"":{""grain"":80,""pork"":80,""veg"":100,""oil"":8,""sugar"":3},""portionG"":350,""notes"":""粉按干重；小笼包约6只/份，其他饺/馄饨为一份示例，不含额外蘸料""}",https://wjw.baoji.gov.cn/col2223/col2269/202403/P020241228641521653546.pdf
tju,天津大学,北洋园校区,梅园餐厅,牛肉拉面,面食,14.00,元/份,500,估计成品可食部约500g/份,"[""谷物/面粉（干）"", ""瘦肉（可食部生重）"", ""蔬菜""]","[""小麦""]",573,26.8,80.1,16.2,,,[],[],待核实,上架,,北洋维基北洋园食堂,https://wiki.tjubot.cn/wiki/canteen/canteen-peiyang,,学生食堂手册明确楼层；2022—2023资料，当前需核实,参考估价（非学校公布现价）：按目录同类餐品价格档位估计；上线经用户确认，后勤核价后替换,预估而非实测；NHC2024附录2交换份，明确配方假设：谷物/面粉（干）90g；瘦肉（可食部生重）80g；蔬菜100g；烹调用油（实际入口估计）12g；糖4g；成品份量估计；能量=4×蛋白质+4×碳水+9×脂肪；纤维/钠未知；粉/面按干重90g，含汤；主食干重按相近谷物交换份估算,"[""tju"",""北洋园校区"",""梅园餐厅"",""二层"",""牛肉拉面""]",二层,风味窗口,学生食堂手册明确楼层；2022—2023资料，当前需核实,estimated,114.6,5.4,16.0,3.2,"{""components"":{""grain"":90,""lean"":80,""veg"":100,""oil"":12,""sugar"":4},""portionG"":500,""notes"":""粉/面按干重90g，含汤；主食干重按相近谷物交换份估算""}",https://wjw.baoji.gov.cn/col2223/col2269/202403/P020241228641521653546.pdf
tju,天津大学,北洋园校区,梅园餐厅,肠粉,面食,10.00,元/份,350,估计成品可食部约350g/份,"[""淀粉/粉条（干）"", ""中脂肉（可食部生重）"", ""鸡蛋"", ""蔬菜""]","[""蛋""]",592,19.8,69.8,26.0,,,[],[],待核实,上架,,北洋维基北洋园食堂,https://wiki.tjubot.cn/wiki/canteen/canteen-peiyang,,学生食堂手册明确楼层；2022—2023资料，当前需核实,参考估价（非学校公布现价）：沿用目录同名菜品参考价；上线经用户确认，后勤核价后替换,预估而非实测；NHC2024附录2交换份，明确配方假设：淀粉/粉条（干）70g；中脂肉（可食部生重）60g；鸡蛋50g；蔬菜60g；烹调用油（实际入口估计）15g；糖5g；成品份量估计；能量=4×蛋白质+4×碳水+9×脂肪；纤维/钠未知；,"[""tju"",""北洋园校区"",""梅园餐厅"",""二层"",""肠粉""]",二层,风味窗口,学生食堂手册明确楼层；2022—2023资料，当前需核实,estimated,169.1,5.7,19.9,7.4,"{""components"":{""starch"":70,""pork"":60,""egg"":50,""veg"":60,""oil"":15,""sugar"":5},""portionG"":350,""notes"":""""}",https://wjw.baoji.gov.cn/col2223/col2269/202403/P020241228641521653546.pdf
tju,天津大学,北洋园校区,梅园餐厅,麻辣烫,面食,15.00,元/份,500,估计成品可食部约500g/份,"[""淀粉/粉条（干）"", ""禽肉（可食部生重）"", ""北豆腐"", ""蔬菜""]","[""大豆""]",654,29.6,60.1,32.8,,,[],[],待核实,上架,/assets/zhongcai/%E9%BA%BB%E8%BE%A3%E7%83%AB%C2%B7.png,北洋维基北洋园食堂,https://wiki.tjubot.cn/wiki/canteen/canteen-peiyang,,学生食堂手册明确楼层；2022—2023资料，当前需核实,参考估价（非学校公布现价）：沿用目录同名菜品参考价；上线经用户确认，后勤核价后替换,预估而非实测；NHC2024附录2交换份，明确配方假设：淀粉/粉条（干）50g；禽肉（可食部生重）80g；北豆腐100g；蔬菜150g；烹调用油（实际入口估计）18g；糖5g；成品份量估计；能量=4×蛋白质+4×碳水+9×脂肪；纤维/钠未知；干粉50g；含汤，不按整锅汤底用油全部入口计算,"[""tju"",""北洋园校区"",""梅园餐厅"",""二层"",""麻辣烫""]",二层,风味窗口,学生食堂手册明确楼层；2022—2023资料，当前需核实,estimated,130.8,5.9,12.0,6.6,"{""components"":{""starch"":50,""poultry"":80,""tofu"":100,""veg"":150,""oil"":18,""sugar"":5},""portionG"":500,""notes"":""干粉50g；含汤，不按整锅汤底用油全部入口计算""}",https://wjw.baoji.gov.cn/col2223/col2269/202403/P020241228641521653546.pdf
tju,天津大学,北洋园校区,梅园餐厅,麻辣香锅,汤品,18.00,元/份,450,估计成品可食部约450g/份,"[""禽肉（可食部生重）"", ""薯芋类"", ""蔬菜"", ""豆皮/豆干""]","[""大豆""]",836,30.0,52.0,56.4,,,[],[],待核实,上架,/assets/zhongcai/%E9%BA%BB%E8%BE%A3%E9%A6%99%E9%94%85.png,北洋维基北洋园食堂,https://wiki.tjubot.cn/wiki/canteen/canteen-peiyang,,学生食堂手册明确楼层；2022—2023资料，当前需核实,参考估价（非学校公布现价）：沿用目录同名菜品参考价；上线经用户确认，后勤核价后替换,预估而非实测；NHC2024附录2交换份，明确配方假设：禽肉（可食部生重）100g；薯芋类150g；蔬菜150g；豆皮/豆干40g；烹调用油（实际入口估计）40g；糖8g；成品份量估计；能量=4×蛋白质+4×碳水+9×脂肪；纤维/钠未知；不含米饭；40g为估计实际入口的烹调用油，食材自选导致很大波动,"[""tju"",""北洋园校区"",""梅园餐厅"",""二层"",""麻辣香锅""]",二层,风味窗口,学生食堂手册明确楼层；2022—2023资料，当前需核实,estimated,185.8,6.7,11.6,12.5,"{""components"":{""poultry"":100,""potato"":150,""veg"":150,""beancurd"":40,""oil"":40,""sugar"":8},""portionG"":450,""notes"":""不含米饭；40g为估计实际入口的烹调用油，食材自选导致很大波动""}",https://wjw.baoji.gov.cn/col2223/col2269/202403/P020241228641521653546.pdf
tju,天津大学,北洋园校区,梅园餐厅,五谷鱼粉,面食,14.00,元/份,500,估计成品可食部约500g/份,"[""淀粉/粉条（干）"", ""鱼肉（可食部）"", ""蔬菜"", ""坚果""]","[""鱼"", ""花生"", ""芝麻""]",672,23.2,82.5,27.7,,,[],[],待核实,上架,,北洋维基北洋园食堂,https://wiki.tjubot.cn/wiki/canteen/canteen-peiyang,,学生食堂手册明确楼层；2022—2023资料，当前需核实,参考估价（非学校公布现价）：按目录同类餐品价格档位估计；上线经用户确认，后勤核价后替换,预估而非实测；NHC2024附录2交换份，明确配方假设：淀粉/粉条（干）80g；鱼肉（可食部）100g；蔬菜100g；坚果10g；烹调用油（实际入口估计）18g；糖5g；成品份量估计；能量=4×蛋白质+4×碳水+9×脂肪；纤维/钠未知；粉按干重80g，不含额外米饭,"[""tju"",""北洋园校区"",""梅园餐厅"",""二层"",""五谷鱼粉""]",二层,风味窗口,学生食堂手册明确楼层；2022—2023资料，当前需核实,estimated,134.4,4.6,16.5,5.5,"{""components"":{""starch"":80,""fish"":100,""veg"":100,""nuts"":10,""oil"":18,""sugar"":5},""portionG"":500,""notes"":""粉按干重80g，不含额外米饭""}",https://wjw.baoji.gov.cn/col2223/col2269/202403/P020241228641521653546.pdf
tju,天津大学,北洋园校区,梅园餐厅,炒饭,套餐,18.00,元/份,500,估计成品可食部约500g/份,"[""熟米饭"", ""鸡蛋"", ""禽肉（可食部生重）"", ""蔬菜""]","[""蛋""]",819,33.7,82.1,39.5,,,[],[],待核实,上架,,北洋维基北洋园食堂,https://wiki.tjubot.cn/wiki/canteen/canteen-peiyang,,学生食堂手册明确楼层；2022—2023资料，当前需核实,参考估价（非学校公布现价）：按目录同类餐品价格档位估计；上线经用户确认，后勤核价后替换,预估而非实测；NHC2024附录2交换份，明确配方假设：熟米饭250g；鸡蛋60g；禽肉（可食部生重）100g；蔬菜100g；烹调用油（实际入口估计）20g；糖8g；成品份量估计；能量=4×蛋白质+4×碳水+9×脂肪；纤维/钠未知；,"[""tju"",""北洋园校区"",""梅园餐厅"",""二层"",""炒饭""]",二层,风味窗口,学生食堂手册明确楼层；2022—2023资料，当前需核实,estimated,163.8,6.7,16.4,7.9,"{""components"":{""rice"":250,""egg"":60,""poultry"":100,""veg"":100,""oil"":20,""sugar"":8},""portionG"":500,""notes"":""""}",https://wjw.baoji.gov.cn/col2223/col2269/202403/P020241228641521653546.pdf
tju,天津大学,北洋园校区,梅园餐厅,石锅饭,汤品,10.00,元/份,500,估计成品可食部约500g/份,"[""熟米饭"", ""中脂肉（可食部生重）"", ""蔬菜""]",[],728,31.5,79.7,31.5,,,[],[],待核实,上架,,北洋维基北洋园食堂,https://wiki.tjubot.cn/wiki/canteen/canteen-peiyang,,学生食堂手册明确楼层；2022—2023资料，当前需核实,参考估价（非学校公布现价）：按目录同类餐品价格档位估计；上线经用户确认，后勤核价后替换,预估而非实测；NHC2024附录2交换份，明确配方假设：熟米饭250g；中脂肉（可食部生重）120g；蔬菜100g；烹调用油（实际入口估计）20g；糖8g；成品份量估计；能量=4×蛋白质+4×碳水+9×脂肪；纤维/钠未知；熟米饭250g，肉类可食部生重120g，油为估计入口量,"[""tju"",""北洋园校区"",""梅园餐厅"",""二层"",""石锅饭""]",二层,风味窗口,学生食堂手册明确楼层；2022—2023资料，当前需核实,estimated,145.6,6.3,15.9,6.3,"{""components"":{""rice"":250,""pork"":120,""veg"":100,""oil"":20,""sugar"":8},""portionG"":500,""notes"":""熟米饭250g，肉类可食部生重120g，油为估计入口量""}",https://wjw.baoji.gov.cn/col2223/col2269/202403/P020241228641521653546.pdf
tju,天津大学,北洋园校区,梅园餐厅,蛋包饭,套餐,18.00,元/份,500,估计成品可食部约500g/份,"[""熟米饭"", ""鸡蛋"", ""禽肉（可食部生重）"", ""蔬菜""]","[""蛋""]",819,33.7,82.1,39.5,,,[],[],待核实,上架,,北洋维基北洋园食堂,https://wiki.tjubot.cn/wiki/canteen/canteen-peiyang,,学生食堂手册明确楼层；2022—2023资料，当前需核实,参考估价（非学校公布现价）：按目录同类餐品价格档位估计；上线经用户确认，后勤核价后替换,预估而非实测；NHC2024附录2交换份，明确配方假设：熟米饭250g；鸡蛋60g；禽肉（可食部生重）100g；蔬菜100g；烹调用油（实际入口估计）20g；糖8g；成品份量估计；能量=4×蛋白质+4×碳水+9×脂肪；纤维/钠未知；,"[""tju"",""北洋园校区"",""梅园餐厅"",""二层"",""蛋包饭""]",二层,风味窗口,学生食堂手册明确楼层；2022—2023资料，当前需核实,estimated,163.8,6.7,16.4,7.9,"{""components"":{""rice"":250,""egg"":60,""poultry"":100,""veg"":100,""oil"":20,""sugar"":8},""portionG"":500,""notes"":""""}",https://wjw.baoji.gov.cn/col2223/col2269/202403/P020241228641521653546.pdf
tju,天津大学,北洋园校区,梅园餐厅,鸭血粉丝汤,汤品,10.00,元/份,400,估计成品可食部约400g/份,"[""淀粉/粉条（干）"", ""瘦肉（可食部生重）"", ""豆皮/豆干"", ""蔬菜""]","[""大豆""]",395,20.7,43.1,15.5,,,[],[],待核实,上架,,北洋维基北洋园食堂,https://wiki.tjubot.cn/wiki/canteen/canteen-peiyang,,学生食堂手册明确楼层；2022—2023资料，当前需核实,参考估价（非学校公布现价）：按目录同类餐品价格档位估计；上线经用户确认，后勤核价后替换,预估而非实测；NHC2024附录2交换份，明确配方假设：淀粉/粉条（干）40g；瘦肉（可食部生重）60g；豆皮/豆干40g；蔬菜80g；烹调用油（实际入口估计）10g；成品份量估计；能量=4×蛋白质+4×碳水+9×脂肪；纤维/钠未知；淀粉干重40g；鸭血使用瘦肉营养交换代理，有额外不确定性,"[""tju"",""北洋园校区"",""梅园餐厅"",""二层"",""鸭血粉丝汤""]",二层,风味窗口,学生食堂手册明确楼层；2022—2023资料，当前需核实,estimated,98.8,5.2,10.8,3.9,"{""components"":{""starch"":40,""lean"":60,""beancurd"":40,""veg"":80,""oil"":10},""portionG"":400,""notes"":""淀粉干重40g；鸭血使用瘦肉营养交换代理，有额外不确定性""}",https://wjw.baoji.gov.cn/col2223/col2269/202403/P020241228641521653546.pdf
tju,天津大学,北洋园校区,梅园餐厅,粗粮面,面食,14.00,元/份,500,估计成品可食部约500g/份,"[""谷物/面粉（干）"", ""瘦肉（可食部生重）"", ""蔬菜""]","[""小麦""]",573,26.8,80.1,16.2,,,[],[],待核实,上架,,北洋维基北洋园食堂,https://wiki.tjubot.cn/wiki/canteen/canteen-peiyang,,学生食堂手册明确楼层；2022—2023资料，当前需核实,参考估价（非学校公布现价）：按目录同类餐品价格档位估计；上线经用户确认，后勤核价后替换,预估而非实测；NHC2024附录2交换份，明确配方假设：谷物/面粉（干）90g；瘦肉（可食部生重）80g；蔬菜100g；烹调用油（实际入口估计）12g；糖4g；成品份量估计；能量=4×蛋白质+4×碳水+9×脂肪；纤维/钠未知；粉/面按干重90g，含汤；主食干重按相近谷物交换份估算,"[""tju"",""北洋园校区"",""梅园餐厅"",""二层"",""粗粮面""]",二层,风味窗口,学生食堂手册明确楼层；2022—2023资料，当前需核实,estimated,114.6,5.4,16.0,3.2,"{""components"":{""grain"":90,""lean"":80,""veg"":100,""oil"":12,""sugar"":4},""portionG"":500,""notes"":""粉/面按干重90g，含汤；主食干重按相近谷物交换份估算""}",https://wjw.baoji.gov.cn/col2223/col2269/202403/P020241228641521653546.pdf
tju,天津大学,北洋园校区,棠园餐厅,粥,早餐,4.00,元/份,300,估计成品可食部约300g/份,"[""谷物/面粉（干）""]","[""小麦""]",127,3.5,26.6,0.7,,,[],[],待核实,上架,,北洋维基北洋园食堂,https://wiki.tjubot.cn/wiki/canteen/canteen-peiyang,,学生食堂手册明确楼层；2022—2023资料，当前需核实,参考估价（非学校公布现价）：沿用目录同名菜品参考价；上线经用户确认，后勤核价后替换,预估而非实测；NHC2024附录2交换份，明确配方假设：谷物/面粉（干）35g；成品份量估计；能量=4×蛋白质+4×碳水+9×脂肪；纤维/钠未知；谷物杂豆均为干重；粥不含默认糖,"[""tju"",""北洋园校区"",""棠园餐厅"",""一层"",""粥""]",一层,基础伙食窗口,学生食堂手册明确楼层；2022—2023资料，当前需核实,estimated,42.3,1.2,8.9,0.2,"{""components"":{""grain"":35},""portionG"":300,""notes"":""谷物杂豆均为干重；粥不含默认糖""}",https://wjw.baoji.gov.cn/col2223/col2269/202403/P020241228641521653546.pdf
tju,天津大学,北洋园校区,棠园餐厅,豆浆,早餐,4.00,元/份,300,估计成品可食部约300g/份,"[""豆浆""]","[""大豆""]",84,7.3,7.3,2.8,,,[],[],待核实,上架,,北洋维基北洋园食堂,https://wiki.tjubot.cn/wiki/canteen/canteen-peiyang,,学生食堂手册明确楼层；2022—2023资料，当前需核实,参考估价（非学校公布现价）：沿用目录同名菜品参考价；上线经用户确认，后勤核价后替换,预估而非实测；NHC2024附录2交换份，明确配方假设：豆浆300g；成品份量估计；能量=4×蛋白质+4×碳水+9×脂肪；纤维/钠未知；无额外加糖场景,"[""tju"",""北洋园校区"",""棠园餐厅"",""一层"",""豆浆""]",一层,基础伙食窗口,学生食堂手册明确楼层；2022—2023资料，当前需核实,estimated,28.0,2.4,2.4,0.9,"{""components"":{""soymilk"":300},""portionG"":300,""notes"":""无额外加糖场景""}",https://wjw.baoji.gov.cn/col2223/col2269/202403/P020241228641521653546.pdf
tju,天津大学,北洋园校区,棠园餐厅,武大烧饼,早餐,4.00,元/份,220,估计成品可食部约220g/份,"[""谷物/面粉（干）"", ""鸡蛋""]","[""小麦"", ""蛋""]",644,16.6,76.0,30.4,,,[],[],待核实,上架,,北洋维基北洋园食堂,https://wiki.tjubot.cn/wiki/canteen/canteen-peiyang,,学生食堂手册明确楼层；2022—2023资料，当前需核实,参考估价（非学校公布现价）：按目录同类餐品价格档位估计；上线经用户确认，后勤核价后替换,预估而非实测；NHC2024附录2交换份，明确配方假设：谷物/面粉（干）90g；鸡蛋60g；烹调用油（实际入口估计）22g；糖6g；成品份量估计；能量=4×蛋白质+4×碳水+9×脂肪；纤维/钠未知；油含炸物吸油/烙饼实际入口量的场景估计,"[""tju"",""北洋园校区"",""棠园餐厅"",""一层"",""武大烧饼""]",一层,基础伙食窗口,学生食堂手册明确楼层；2022—2023资料，当前需核实,estimated,292.7,7.5,34.5,13.8,"{""components"":{""grain"":90,""egg"":60,""oil"":22,""sugar"":6},""portionG"":220,""notes"":""油含炸物吸油/烙饼实际入口量的场景估计""}",https://wjw.baoji.gov.cn/col2223/col2269/202403/P020241228641521653546.pdf
tju,天津大学,北洋园校区,棠园餐厅,河南烩面,面食,14.00,元/份,500,估计成品可食部约500g/份,"[""谷物/面粉（干）"", ""瘦肉（可食部生重）"", ""蔬菜""]","[""小麦""]",573,26.8,80.1,16.2,,,[],[],待核实,上架,,北洋维基北洋园食堂,https://wiki.tjubot.cn/wiki/canteen/canteen-peiyang,,学生食堂手册明确楼层；2022—2023资料，当前需核实,参考估价（非学校公布现价）：按目录同类餐品价格档位估计；上线经用户确认，后勤核价后替换,预估而非实测；NHC2024附录2交换份，明确配方假设：谷物/面粉（干）90g；瘦肉（可食部生重）80g；蔬菜100g；烹调用油（实际入口估计）12g；糖4g；成品份量估计；能量=4×蛋白质+4×碳水+9×脂肪；纤维/钠未知；粉/面按干重90g，含汤；主食干重按相近谷物交换份估算,"[""tju"",""北洋园校区"",""棠园餐厅"",""一层"",""河南烩面""]",一层,基础伙食窗口,学生食堂手册明确楼层；2022—2023资料，当前需核实,estimated,114.6,5.4,16.0,3.2,"{""components"":{""grain"":90,""lean"":80,""veg"":100,""oil"":12,""sugar"":4},""portionG"":500,""notes"":""粉/面按干重90g，含汤；主食干重按相近谷物交换份估算""}",https://wjw.baoji.gov.cn/col2223/col2269/202403/P020241228641521653546.pdf
tju,天津大学,北洋园校区,棠园餐厅,安徽板面,面食,14.00,元/份,500,估计成品可食部约500g/份,"[""谷物/面粉（干）"", ""瘦肉（可食部生重）"", ""蔬菜""]","[""小麦""]",573,26.8,80.1,16.2,,,[],[],待核实,上架,,北洋维基北洋园食堂,https://wiki.tjubot.cn/wiki/canteen/canteen-peiyang,,学生食堂手册明确楼层；2022—2023资料，当前需核实,参考估价（非学校公布现价）：按目录同类餐品价格档位估计；上线经用户确认，后勤核价后替换,预估而非实测；NHC2024附录2交换份，明确配方假设：谷物/面粉（干）90g；瘦肉（可食部生重）80g；蔬菜100g；烹调用油（实际入口估计）12g；糖4g；成品份量估计；能量=4×蛋白质+4×碳水+9×脂肪；纤维/钠未知；粉/面按干重90g，含汤；主食干重按相近谷物交换份估算,"[""tju"",""北洋园校区"",""棠园餐厅"",""一层"",""安徽板面""]",一层,基础伙食窗口,学生食堂手册明确楼层；2022—2023资料，当前需核实,estimated,114.6,5.4,16.0,3.2,"{""components"":{""grain"":90,""lean"":80,""veg"":100,""oil"":12,""sugar"":4},""portionG"":500,""notes"":""粉/面按干重90g，含汤；主食干重按相近谷物交换份估算""}",https://wjw.baoji.gov.cn/col2223/col2269/202403/P020241228641521653546.pdf
tju,天津大学,北洋园校区,棠园餐厅,刀削面,面食,14.00,元/份,500,估计成品可食部约500g/份,"[""谷物/面粉（干）"", ""瘦肉（可食部生重）"", ""蔬菜""]","[""小麦""]",573,26.8,80.1,16.2,,,[],[],待核实,上架,,北洋维基北洋园食堂,https://wiki.tjubot.cn/wiki/canteen/canteen-peiyang,,学生食堂手册明确楼层；2022—2023资料，当前需核实,参考估价（非学校公布现价）：按目录同类餐品价格档位估计；上线经用户确认，后勤核价后替换,预估而非实测；NHC2024附录2交换份，明确配方假设：谷物/面粉（干）90g；瘦肉（可食部生重）80g；蔬菜100g；烹调用油（实际入口估计）12g；糖4g；成品份量估计；能量=4×蛋白质+4×碳水+9×脂肪；纤维/钠未知；粉/面按干重90g，含汤；主食干重按相近谷物交换份估算,"[""tju"",""北洋园校区"",""棠园餐厅"",""一层"",""刀削面""]",一层,基础伙食窗口,学生食堂手册明确楼层；2022—2023资料，当前需核实,estimated,114.6,5.4,16.0,3.2,"{""components"":{""grain"":90,""lean"":80,""veg"":100,""oil"":12,""sugar"":4},""portionG"":500,""notes"":""粉/面按干重90g，含汤；主食干重按相近谷物交换份估算""}",https://wjw.baoji.gov.cn/col2223/col2269/202403/P020241228641521653546.pdf
tju,天津大学,北洋园校区,棠园餐厅,米粉米线,面食,13.00,元/份,500,估计成品可食部约500g/份,"[""谷物/面粉（干）"", ""瘦肉（可食部生重）"", ""蔬菜""]","[""小麦""]",573,26.8,80.1,16.2,,,[],[],待核实,上架,/assets/zhongcai/%E7%B1%B3%E7%B2%89%C2%B7%E7%B1%B3%E7%BA%BF.png,北洋维基北洋园食堂,https://wiki.tjubot.cn/wiki/canteen/canteen-peiyang,,学生食堂手册明确楼层；2022—2023资料，当前需核实,参考估价（非学校公布现价）：沿用目录同名菜品参考价；上线经用户确认，后勤核价后替换,预估而非实测；NHC2024附录2交换份，明确配方假设：谷物/面粉（干）90g；瘦肉（可食部生重）80g；蔬菜100g；烹调用油（实际入口估计）12g；糖4g；成品份量估计；能量=4×蛋白质+4×碳水+9×脂肪；纤维/钠未知；粉/面按干重90g，含汤；主食干重按相近谷物交换份估算,"[""tju"",""北洋园校区"",""棠园餐厅"",""一层"",""米粉米线""]",一层,基础伙食窗口,学生食堂手册明确楼层；2022—2023资料，当前需核实,estimated,114.6,5.4,16.0,3.2,"{""components"":{""grain"":90,""lean"":80,""veg"":100,""oil"":12,""sugar"":4},""portionG"":500,""notes"":""粉/面按干重90g，含汤；主食干重按相近谷物交换份估算""}",https://wjw.baoji.gov.cn/col2223/col2269/202403/P020241228641521653546.pdf
tju,天津大学,北洋园校区,棠园餐厅,麻辣烫,面食,15.00,元/份,500,估计成品可食部约500g/份,"[""淀粉/粉条（干）"", ""禽肉（可食部生重）"", ""北豆腐"", ""蔬菜""]","[""大豆""]",654,29.6,60.1,32.8,,,[],[],待核实,上架,/assets/zhongcai/%E9%BA%BB%E8%BE%A3%E7%83%AB%C2%B7.png,北洋维基北洋园食堂,https://wiki.tjubot.cn/wiki/canteen/canteen-peiyang,,学生食堂手册明确楼层；2022—2023资料，当前需核实,参考估价（非学校公布现价）：沿用目录同名菜品参考价；上线经用户确认，后勤核价后替换,预估而非实测；NHC2024附录2交换份，明确配方假设：淀粉/粉条（干）50g；禽肉（可食部生重）80g；北豆腐100g；蔬菜150g；烹调用油（实际入口估计）18g；糖5g；成品份量估计；能量=4×蛋白质+4×碳水+9×脂肪；纤维/钠未知；干粉50g；含汤，不按整锅汤底用油全部入口计算,"[""tju"",""北洋园校区"",""棠园餐厅"",""一层"",""麻辣烫""]",一层,基础伙食窗口,学生食堂手册明确楼层；2022—2023资料，当前需核实,estimated,130.8,5.9,12.0,6.6,"{""components"":{""starch"":50,""poultry"":80,""tofu"":100,""veg"":150,""oil"":18,""sugar"":5},""portionG"":500,""notes"":""干粉50g；含汤，不按整锅汤底用油全部入口计算""}",https://wjw.baoji.gov.cn/col2223/col2269/202403/P020241228641521653546.pdf
tju,天津大学,北洋园校区,棠园餐厅,重庆小面,面食,12.00,元/份,450,估计成品可食部约450g/份,"[""谷物/面粉（干）"", ""瘦肉（可食部生重）"", ""蔬菜"", ""坚果""]","[""小麦"", ""花生"", ""芝麻""]",706,20.6,87.6,30.3,,,[],[],待核实,上架,/assets/zhongcai/%E9%87%8D%E5%BA%86%E5%B0%8F%E9%9D%A2.png,北洋维基北洋园食堂,https://wiki.tjubot.cn/wiki/canteen/canteen-peiyang,,学生食堂手册明确楼层；2022—2023资料，当前需核实,参考估价（非学校公布现价）：沿用目录同名菜品参考价；上线经用户确认，后勤核价后替换,预估而非实测；NHC2024附录2交换份，明确配方假设：谷物/面粉（干）100g；瘦肉（可食部生重）35g；蔬菜80g；坚果10g；烹调用油（实际入口估计）22g；糖4g；成品份量估计；能量=4×蛋白质+4×碳水+9×脂肪；纤维/钠未知；面粉/米粉按干重100g，成品面条含水；豌杂面另以杂豆替代20g主食,"[""tju"",""北洋园校区"",""棠园餐厅"",""二层"",""重庆小面""]",二层,风味窗口,学生食堂手册明确楼层；2022—2023资料，当前需核实,estimated,156.9,4.6,19.5,6.7,"{""components"":{""grain"":100,""lean"":35,""veg"":80,""nuts"":10,""oil"":22,""sugar"":4},""portionG"":450,""notes"":""面粉/米粉按干重100g，成品面条含水；豌杂面另以杂豆替代20g主食""}",https://wjw.baoji.gov.cn/col2223/col2269/202403/P020241228641521653546.pdf
tju,天津大学,北洋园校区,棠园餐厅,鸡架拌饭,套餐,18.00,元/份,500,估计成品可食部约500g/份,"[""熟米饭"", ""禽肉（可食部生重）"", ""蔬菜"", ""薯芋类""]",[],807,35.0,83.4,37.0,,,[],[],待核实,上架,,北洋维基北洋园食堂,https://wiki.tjubot.cn/wiki/canteen/canteen-peiyang,,学生食堂手册明确楼层；2022—2023资料，当前需核实,参考估价（非学校公布现价）：按目录同类餐品价格档位估计；上线经用户确认，后勤核价后替换,预估而非实测；NHC2024附录2交换份，明确配方假设：熟米饭220g；禽肉（可食部生重）150g；蔬菜100g；薯芋类50g；烹调用油（实际入口估计）18g；糖8g；成品份量估计；能量=4×蛋白质+4×碳水+9×脂肪；纤维/钠未知；有米饭的菜按熟米饭220g；禽肉为可食部生重，包含一般带皮肉脂肪,"[""tju"",""北洋园校区"",""棠园餐厅"",""二层"",""鸡架拌饭""]",二层,风味窗口,学生食堂手册明确楼层；2022—2023资料，当前需核实,estimated,161.4,7.0,16.7,7.4,"{""components"":{""rice"":220,""poultry"":150,""veg"":100,""potato"":50,""oil"":18,""sugar"":8},""portionG"":500,""notes"":""有米饭的菜按熟米饭220g；禽肉为可食部生重，包含一般带皮肉脂肪""}",https://wjw.baoji.gov.cn/col2223/col2269/202403/P020241228641521653546.pdf
tju,天津大学,北洋园校区,棠园餐厅,土豆泥拌饭,套餐,18.00,元/份,450,估计成品可食部约450g/份,"[""薯芋类"", ""禽肉（可食部生重）"", ""熟米饭""]",[],756,26.3,93.3,30.9,,,[],[],待核实,上架,,北洋维基北洋园食堂,https://wiki.tjubot.cn/wiki/canteen/canteen-peiyang,,学生食堂手册明确楼层；2022—2023资料，当前需核实,参考估价（非学校公布现价）：按目录同类餐品价格档位估计；上线经用户确认，后勤核价后替换,预估而非实测；NHC2024附录2交换份，明确配方假设：薯芋类150g；禽肉（可食部生重）100g；烹调用油（实际入口估计）18g；糖5g；熟米饭220g；成品份量估计；能量=4×蛋白质+4×碳水+9×脂肪；纤维/钠未知；,"[""tju"",""北洋园校区"",""棠园餐厅"",""二层"",""土豆泥拌饭""]",二层,风味窗口,学生食堂手册明确楼层；2022—2023资料，当前需核实,estimated,168.0,5.8,20.7,6.9,"{""components"":{""potato"":150,""poultry"":100,""oil"":18,""sugar"":5,""rice"":220},""portionG"":450,""notes"":""""}",https://wjw.baoji.gov.cn/col2223/col2269/202403/P020241228641521653546.pdf
tju,天津大学,北洋园校区,棠园餐厅,饭团,套餐,18.00,元/份,350,估计成品可食部约350g/份,"[""谷物/面粉（干）"", ""中脂肉（可食部生重）"", ""蔬菜""]","[""小麦""]",535,25.1,70.6,16.9,,,[],[],待核实,上架,,北洋维基北洋园食堂,https://wiki.tjubot.cn/wiki/canteen/canteen-peiyang,,学生食堂手册明确楼层；2022—2023资料，当前需核实,参考估价（非学校公布现价）：按目录同类餐品价格档位估计；上线经用户确认，后勤核价后替换,预估而非实测；NHC2024附录2交换份，明确配方假设：谷物/面粉（干）80g；中脂肉（可食部生重）80g；蔬菜100g；烹调用油（实际入口估计）8g；糖3g；成品份量估计；能量=4×蛋白质+4×碳水+9×脂肪；纤维/钠未知；粉按干重；小笼包约6只/份，其他饺/馄饨为一份示例，不含额外蘸料,"[""tju"",""北洋园校区"",""棠园餐厅"",""二层"",""饭团""]",二层,风味窗口,学生食堂手册明确楼层；2022—2023资料，当前需核实,estimated,152.9,7.2,20.2,4.8,"{""components"":{""grain"":80,""pork"":80,""veg"":100,""oil"":8,""sugar"":3},""portionG"":350,""notes"":""粉按干重；小笼包约6只/份，其他饺/馄饨为一份示例，不含额外蘸料""}",https://wjw.baoji.gov.cn/col2223/col2269/202403/P020241228641521653546.pdf
tju,天津大学,北洋园校区,棠园餐厅,冷面,面食,14.00,元/份,500,估计成品可食部约500g/份,"[""鸡蛋"", ""禽肉（可食部生重）"", ""蔬菜"", ""谷物/面粉（干）""]","[""小麦"", ""蛋""]",890,37.0,93.4,40.9,,,[],[],待核实,上架,,北洋维基北洋园食堂,https://wiki.tjubot.cn/wiki/canteen/canteen-peiyang,,学生食堂手册明确楼层；2022—2023资料，当前需核实,参考估价（非学校公布现价）：按目录同类餐品价格档位估计；上线经用户确认，后勤核价后替换,预估而非实测；NHC2024附录2交换份，明确配方假设：鸡蛋60g；禽肉（可食部生重）100g；蔬菜100g；烹调用油（实际入口估计）20g；糖8g；谷物/面粉（干）100g；成品份量估计；能量=4×蛋白质+4×碳水+9×脂肪；纤维/钠未知；,"[""tju"",""北洋园校区"",""棠园餐厅"",""二层"",""冷面""]",二层,风味窗口,学生食堂手册明确楼层；2022—2023资料，当前需核实,estimated,178.0,7.4,18.7,8.2,"{""components"":{""egg"":60,""poultry"":100,""veg"":100,""oil"":20,""sugar"":8,""grain"":100},""portionG"":500,""notes"":""""}",https://wjw.baoji.gov.cn/col2223/col2269/202403/P020241228641521653546.pdf
tju,天津大学,北洋园校区,棠园餐厅,排骨饭,套餐,18.00,元/份,500,估计成品可食部约500g/份,"[""熟米饭"", ""蔬菜"", ""高脂肉（可食部生重）""]",[],899,26.5,81.9,51.7,,,[],[],待核实,上架,,北洋维基北洋园食堂,https://wiki.tjubot.cn/wiki/canteen/canteen-peiyang,,学生食堂手册明确楼层；2022—2023资料，当前需核实,参考估价（非学校公布现价）：按目录同类餐品价格档位估计；上线经用户确认，后勤核价后替换,预估而非实测；NHC2024附录2交换份，明确配方假设：熟米饭250g；蔬菜100g；烹调用油（实际入口估计）20g；糖8g；高脂肉（可食部生重）120g；成品份量估计；能量=4×蛋白质+4×碳水+9×脂肪；纤维/钠未知；熟米饭250g，肉类可食部生重120g，油为估计入口量,"[""tju"",""北洋园校区"",""棠园餐厅"",""二层"",""排骨饭""]",二层,风味窗口,学生食堂手册明确楼层；2022—2023资料，当前需核实,estimated,179.8,5.3,16.4,10.3,"{""components"":{""rice"":250,""veg"":100,""oil"":20,""sugar"":8,""fatty"":120},""portionG"":500,""notes"":""熟米饭250g，肉类可食部生重120g，油为估计入口量""}",https://wjw.baoji.gov.cn/col2223/col2269/202403/P020241228641521653546.pdf
tju,天津大学,北洋园校区,棠园餐厅,烤鱼饭,套餐,18.00,元/份,500,估计成品可食部约500g/份,"[""熟米饭"", ""鱼肉（可食部）"", ""南豆腐"", ""蔬菜""]","[""大豆"", ""鱼""]",774,41.3,73.9,34.8,,,[],[],待核实,上架,,北洋维基北洋园食堂,https://wiki.tjubot.cn/wiki/canteen/canteen-peiyang,,学生食堂手册明确楼层；2022—2023资料，当前需核实,参考估价（非学校公布现价）：沿用目录同名菜品参考价；上线经用户确认，后勤核价后替换,预估而非实测；NHC2024附录2交换份，明确配方假设：熟米饭220g；鱼肉（可食部）150g；南豆腐100g；蔬菜100g；烹调用油（实际入口估计）25g；糖6g；成品份量估计；能量=4×蛋白质+4×碳水+9×脂肪；纤维/钠未知；,"[""tju"",""北洋园校区"",""棠园餐厅"",""二层"",""烤鱼饭""]",二层,风味窗口,学生食堂手册明确楼层；2022—2023资料，当前需核实,estimated,154.8,8.3,14.8,7.0,"{""components"":{""rice"":220,""fish"":150,""softtofu"":100,""veg"":100,""oil"":25,""sugar"":6},""portionG"":500,""notes"":""""}",https://wjw.baoji.gov.cn/col2223/col2269/202403/P020241228641521653546.pdf
tju,天津大学,北洋园校区,棠园餐厅,石锅饭,汤品,10.00,元/份,500,估计成品可食部约500g/份,"[""熟米饭"", ""中脂肉（可食部生重）"", ""蔬菜""]",[],728,31.5,79.7,31.5,,,[],[],待核实,上架,,北洋维基北洋园食堂,https://wiki.tjubot.cn/wiki/canteen/canteen-peiyang,,学生食堂手册明确楼层；2022—2023资料，当前需核实,参考估价（非学校公布现价）：沿用目录同名菜品参考价；上线经用户确认，后勤核价后替换,预估而非实测；NHC2024附录2交换份，明确配方假设：熟米饭250g；中脂肉（可食部生重）120g；蔬菜100g；烹调用油（实际入口估计）20g；糖8g；成品份量估计；能量=4×蛋白质+4×碳水+9×脂肪；纤维/钠未知；熟米饭250g，肉类可食部生重120g，油为估计入口量,"[""tju"",""北洋园校区"",""棠园餐厅"",""二层"",""石锅饭""]",二层,风味窗口,学生食堂手册明确楼层；2022—2023资料，当前需核实,estimated,145.6,6.3,15.9,6.3,"{""components"":{""rice"":250,""pork"":120,""veg"":100,""oil"":20,""sugar"":8},""portionG"":500,""notes"":""熟米饭250g，肉类可食部生重120g，油为估计入口量""}",https://wjw.baoji.gov.cn/col2223/col2269/202403/P020241228641521653546.pdf
tju,天津大学,北洋园校区,棠园餐厅,老妈烫饭,套餐,18.00,元/份,500,估计成品可食部约500g/份,"[""熟米饭"", ""中脂肉（可食部生重）"", ""蔬菜""]",[],728,31.5,79.7,31.5,,,[],[],待核实,上架,,北洋维基北洋园食堂,https://wiki.tjubot.cn/wiki/canteen/canteen-peiyang,,学生食堂手册明确楼层；2022—2023资料，当前需核实,参考估价（非学校公布现价）：按目录同类餐品价格档位估计；上线经用户确认，后勤核价后替换,预估而非实测；NHC2024附录2交换份，明确配方假设：熟米饭250g；中脂肉（可食部生重）120g；蔬菜100g；烹调用油（实际入口估计）20g；糖8g；成品份量估计；能量=4×蛋白质+4×碳水+9×脂肪；纤维/钠未知；熟米饭250g，肉类可食部生重120g，油为估计入口量,"[""tju"",""北洋园校区"",""棠园餐厅"",""二层"",""老妈烫饭""]",二层,风味窗口,学生食堂手册明确楼层；2022—2023资料，当前需核实,estimated,145.6,6.3,15.9,6.3,"{""components"":{""rice"":250,""pork"":120,""veg"":100,""oil"":20,""sugar"":8},""portionG"":500,""notes"":""熟米饭250g，肉类可食部生重120g，油为估计入口量""}",https://wjw.baoji.gov.cn/col2223/col2269/202403/P020241228641521653546.pdf
tju,天津大学,北洋园校区,棠园餐厅,小火锅,汤品,10.00,元/份,550,估计成品可食部约550g/份,"[""禽肉（可食部生重）"", ""北豆腐"", ""蔬菜"", ""淀粉/粉条（干）""]","[""大豆""]",754,33.1,60.4,42.2,,,[],[],待核实,上架,,北洋维基北洋园食堂,https://wiki.tjubot.cn/wiki/canteen/canteen-peiyang,,学生食堂手册明确楼层；2022—2023资料，当前需核实,参考估价（非学校公布现价）：按目录同类餐品价格档位估计；上线经用户确认，后勤核价后替换,预估而非实测；NHC2024附录2交换份，明确配方假设：禽肉（可食部生重）100g；北豆腐100g；蔬菜150g；淀粉/粉条（干）50g；烹调用油（实际入口估计）25g；糖5g；成品份量估计；能量=4×蛋白质+4×碳水+9×脂肪；纤维/钠未知；不含额外米饭，实际食材组合未知,"[""tju"",""北洋园校区"",""棠园餐厅"",""二层"",""小火锅""]",二层,风味窗口,学生食堂手册明确楼层；2022—2023资料，当前需核实,estimated,137.1,6.0,11.0,7.7,"{""components"":{""poultry"":100,""tofu"":100,""veg"":150,""starch"":50,""oil"":25,""sugar"":5},""portionG"":550,""notes"":""不含额外米饭，实际食材组合未知""}",https://wjw.baoji.gov.cn/col2223/col2269/202403/P020241228641521653546.pdf
cufe,中央财经大学,沙河校区,东区食堂,番茄肥牛小火锅,汤品,10.00,元/份,500,估计成品可食部约500g/份,"[""高脂肉（可食部生重）"", ""蔬菜"", ""淀粉/粉条（干）""]",[],637,18.7,47.8,41.2,,,[],[],待核实,上架,,中央财经大学官方：食堂盲盒（2020-10-04）,https://m.thepaper.cn/baijiahao_9458371,,具名菜品和楼层的历史报道；当前营业及实际配方待后勤核实,参考估价（非学校公布现价）：按目录同类餐品价格档位估计；上线经用户确认，后勤核价后替换,预估而非实测；NHC2024附录2交换份，明确配方假设：高脂肉（可食部生重）100g；蔬菜180g；淀粉/粉条（干）40g；烹调用油（实际入口估计）15g；成品份量估计；能量=4×蛋白质+4×碳水+9×脂肪；纤维/钠未知；假设常见份量、可食部和入口油量，不代表食堂实测配方；,"[""cufe"",""沙河校区"",""东区食堂"",""二层"",""番茄肥牛小火锅""]",二层,小火锅档口,具名菜品和楼层的历史报道；当前营业及实际配方待后勤核实,estimated,127.4,3.7,9.6,8.2,"{""components"":{""fatty"":100,""veg"":180,""starch"":40,""oil"":15},""portionG"":500,""notes"":""假设常见份量、可食部和入口油量，不代表食堂实测配方；""}",https://wjw.baoji.gov.cn/col2223/col2269/202403/P020241228641521653546.pdf
cufe,中央财经大学,学院南路校区,子衿食园,炒酸奶,甜品,8.00,元/份,250,估计成品可食部约250g/份,"[""酸奶"", ""水果"", ""坚果""]","[""奶"", ""花生"", ""芝麻""]",314,7.6,48.2,10.1,,,[],[],待核实,上架,,中央财经大学官方：食堂盲盒（2020-10-04）,https://m.thepaper.cn/baijiahao_9458371,,具名菜品和楼层的历史报道；当前营业及实际配方待后勤核实,参考估价（非学校公布现价）：按目录同类餐品价格档位估计；上线经用户确认，后勤核价后替换,预估而非实测；NHC2024附录2交换份，明确配方假设：酸奶180g；水果60g；坚果10g；糖15g；成品份量估计；能量=4×蛋白质+4×碳水+9×脂肪；纤维/钠未知；假设常见份量、可食部和入口油量，不代表食堂实测配方；,"[""cufe"",""学院南路校区"",""子衿食园"",""三层"",""炒酸奶""]",三层,西餐厅档口,具名菜品和楼层的历史报道；当前营业及实际配方待后勤核实,estimated,125.6,3.0,19.3,4.0,"{""components"":{""yogurt"":180,""fruit"":60,""nuts"":10,""sugar"":15},""portionG"":250,""notes"":""假设常见份量、可食部和入口油量，不代表食堂实测配方；""}",https://wjw.baoji.gov.cn/col2223/col2269/202403/P020241228641521653546.pdf
cufe,中央财经大学,沙河校区,东区食堂,紫色糯米饭,主食,8.00,元/份,230,估计成品可食部约230g/份,"[""谷物/面粉（干）""]","[""小麦""]",293,7.0,63.2,1.4,,,[],[],待核实,上架,,中央财经大学官方：食堂盲盒（2020-10-04）,https://m.thepaper.cn/baijiahao_9458371,,具名菜品和楼层的历史报道；当前营业及实际配方待后勤核实,参考估价（非学校公布现价）：按目录同类餐品价格档位估计；上线经用户确认，后勤核价后替换,预估而非实测；NHC2024附录2交换份，明确配方假设：谷物/面粉（干）70g；糖10g；成品份量估计；能量=4×蛋白质+4×碳水+9×脂肪；纤维/钠未知；假设常见份量、可食部和入口油量，不代表食堂实测配方；,"[""cufe"",""沙河校区"",""东区食堂"",""一层"",""紫色糯米饭""]",一层,7号档口,具名菜品和楼层的历史报道；当前营业及实际配方待后勤核实,estimated,127.4,3.0,27.5,0.6,"{""components"":{""grain"":70,""sugar"":10},""portionG"":230,""notes"":""假设常见份量、可食部和入口油量，不代表食堂实测配方；""}",https://wjw.baoji.gov.cn/col2223/col2269/202403/P020241228641521653546.pdf
cufe,中央财经大学,沙河校区,西区食堂,豆沙芝麻馅饼,早餐,4.00,元/份,160,估计成品可食部约160g/份,"[""谷物/面粉（干）"", ""杂豆（干）"", ""坚果""]","[""小麦"", ""花生"", ""芝麻""]",474,11.5,70.6,16.2,,,[],[],待核实,上架,,中央财经大学官方：食堂盲盒（2020-10-04）,https://m.thepaper.cn/baijiahao_9458371,,具名菜品和楼层的历史报道；当前营业及实际配方待后勤核实,参考估价（非学校公布现价）：按目录同类餐品价格档位估计；上线经用户确认，后勤核价后替换,预估而非实测；NHC2024附录2交换份，明确配方假设：谷物/面粉（干）60g；杂豆（干）20g；坚果5g；糖12g；烹调用油（实际入口估计）12g；成品份量估计；能量=4×蛋白质+4×碳水+9×脂肪；纤维/钠未知；假设常见份量、可食部和入口油量，不代表食堂实测配方；,"[""cufe"",""沙河校区"",""西区食堂"",""一层"",""豆沙芝麻馅饼""]",一层,一楼大档口左侧,具名菜品和楼层的历史报道；当前营业及实际配方待后勤核实,estimated,296.2,7.2,44.1,10.1,"{""components"":{""grain"":60,""bean"":20,""nuts"":5,""sugar"":12,""oil"":12},""portionG"":160,""notes"":""假设常见份量、可食部和入口油量，不代表食堂实测配方；""}",https://wjw.baoji.gov.cn/col2223/col2269/202403/P020241228641521653546.pdf
cufe,中央财经大学,沙河校区,东区食堂,经典珍珠奶茶,饮品,6.00,元/份,500,估计成品可食部约500g/份,"[""乳制品"", ""淀粉/粉条（干）""]","[""奶""]",357,7.0,66.1,7.2,,,[],[],待核实,上架,,中央财经大学官方：食堂盲盒（2020-10-04）,https://m.thepaper.cn/baijiahao_9458371,,具名菜品和楼层的历史报道；当前营业及实际配方待后勤核实,参考估价（非学校公布现价）：按目录同类餐品价格档位估计；上线经用户确认，后勤核价后替换,预估而非实测；NHC2024附录2交换份，明确配方假设：乳制品200g；淀粉/粉条（干）25g；糖35g；成品份量估计；能量=4×蛋白质+4×碳水+9×脂肪；纤维/钠未知；假设常见份量、可食部和入口油量，不代表食堂实测配方；,"[""cufe"",""沙河校区"",""东区食堂"",""二层"",""经典珍珠奶茶""]",二层,鲜饮空间,具名菜品和楼层的历史报道；当前营业及实际配方待后勤核实,estimated,71.4,1.4,13.2,1.4,"{""components"":{""milk"":200,""starch"":25,""sugar"":35},""portionG"":500,""notes"":""假设常见份量、可食部和入口油量，不代表食堂实测配方；""}",https://wjw.baoji.gov.cn/col2223/col2269/202403/P020241228641521653546.pdf
cufe,中央财经大学,沙河校区,东区食堂,麻辣牛肉滑饭,套餐,18.00,元/份,450,估计成品可食部约450g/份,"[""熟米饭"", ""瘦肉（可食部生重）"", ""蔬菜""]",[],564,27.7,64.9,21.5,,,[],[],待核实,上架,,中央财经大学官方：食堂盲盒（2020-10-04）,https://m.thepaper.cn/baijiahao_9458371,,具名菜品和楼层的历史报道；当前营业及实际配方待后勤核实,参考估价（非学校公布现价）：按目录同类餐品价格档位估计；上线经用户确认，后勤核价后替换,预估而非实测；NHC2024附录2交换份，明确配方假设：熟米饭220g；瘦肉（可食部生重）100g；蔬菜100g；烹调用油（实际入口估计）18g；成品份量估计；能量=4×蛋白质+4×碳水+9×脂肪；纤维/钠未知；假设常见份量、可食部和入口油量，不代表食堂实测配方；,"[""cufe"",""沙河校区"",""东区食堂"",""二层"",""麻辣牛肉滑饭""]",二层,湖南风味档口,具名菜品和楼层的历史报道；当前营业及实际配方待后勤核实,estimated,125.3,6.2,14.4,4.8,"{""components"":{""rice"":220,""lean"":100,""veg"":100,""oil"":18},""portionG"":450,""notes"":""假设常见份量、可食部和入口油量，不代表食堂实测配方；""}",https://wjw.baoji.gov.cn/col2223/col2269/202403/P020241228641521653546.pdf
cufe,中央财经大学,沙河校区,西区食堂,鸡公煲,热菜,22.00,元/份,500,估计成品可食部约500g/份,"[""熟米饭"", ""禽肉（可食部生重）"", ""蔬菜"", ""薯芋类""]",[],807,35.0,83.4,37.0,,,[],[],待核实,上架,/assets/zhongcai/%E9%B8%A1%E5%85%AC%E7%85%B2.png,中央财经大学官方：食堂盲盒（2020-10-04）,https://m.thepaper.cn/baijiahao_9458371,,具名菜品和楼层的历史报道；当前营业及实际配方待后勤核实,参考估价（非学校公布现价）：沿用目录同名菜品参考价；上线经用户确认，后勤核价后替换,预估而非实测；NHC2024附录2交换份，明确配方假设：熟米饭220g；禽肉（可食部生重）150g；蔬菜100g；薯芋类50g；烹调用油（实际入口估计）18g；糖8g；成品份量估计；能量=4×蛋白质+4×碳水+9×脂肪；纤维/钠未知；有米饭的菜按熟米饭220g；禽肉为可食部生重，包含一般带皮肉脂肪,"[""cufe"",""沙河校区"",""西区食堂"",""二层"",""鸡公煲""]",二层,盖浇饭档口,具名菜品和楼层的历史报道；当前营业及实际配方待后勤核实,estimated,161.4,7.0,16.7,7.4,"{""components"":{""rice"":220,""poultry"":150,""veg"":100,""potato"":50,""oil"":18,""sugar"":8},""portionG"":500,""notes"":""有米饭的菜按熟米饭220g；禽肉为可食部生重，包含一般带皮肉脂肪""}",https://wjw.baoji.gov.cn/col2223/col2269/202403/P020241228641521653546.pdf
cufe,中央财经大学,沙河校区,东区食堂,汉堡,套餐,18.00,元/份,230,估计成品可食部约230g/份,"[""谷物/面粉（干）"", ""禽肉（可食部生重）"", ""蔬菜""]","[""小麦""]",560,21.1,60.4,26.0,,,[],[],待核实,上架,,中央财经大学官方：食堂盲盒（2020-10-04）,https://m.thepaper.cn/baijiahao_9458371,,具名菜品和楼层的历史报道；当前营业及实际配方待后勤核实,参考估价（非学校公布现价）：按目录同类餐品价格档位估计；上线经用户确认，后勤核价后替换,预估而非实测；NHC2024附录2交换份，明确配方假设：谷物/面粉（干）65g；禽肉（可食部生重）80g；蔬菜30g；烹调用油（实际入口估计）15g；糖8g；成品份量估计；能量=4×蛋白质+4×碳水+9×脂肪；纤维/钠未知；假设常见份量、可食部和入口油量，不代表食堂实测配方；,"[""cufe"",""沙河校区"",""东区食堂"",""一层"",""汉堡""]",一层,汉堡炸鸡档口,具名菜品和楼层的历史报道；当前营业及实际配方待后勤核实,estimated,243.5,9.2,26.3,11.3,"{""components"":{""grain"":65,""poultry"":80,""veg"":30,""oil"":15,""sugar"":8},""portionG"":230,""notes"":""假设常见份量、可食部和入口油量，不代表食堂实测配方；""}",https://wjw.baoji.gov.cn/col2223/col2269/202403/P020241228641521653546.pdf
cufe,中央财经大学,沙河校区,东区食堂,回锅肉炒面,面食,14.00,元/份,450,估计成品可食部约450g/份,"[""面制品"", ""高脂肉（可食部生重）"", ""蔬菜""]","[""小麦""]",731,22.0,66.1,42.1,,,[],[],待核实,上架,,中央财经大学官方：食堂盲盒（2020-10-04）,https://m.thepaper.cn/baijiahao_9458371,,具名菜品和楼层的历史报道；当前营业及实际配方待后勤核实,参考估价（非学校公布现价）：按目录同类餐品价格档位估计；上线经用户确认，后勤核价后替换,预估而非实测；NHC2024附录2交换份，明确配方假设：面制品110g；高脂肉（可食部生重）80g；蔬菜120g；烹调用油（实际入口估计）20g；成品份量估计；能量=4×蛋白质+4×碳水+9×脂肪；纤维/钠未知；假设常见份量、可食部和入口油量，不代表食堂实测配方；,"[""cufe"",""沙河校区"",""东区食堂"",""二层"",""回锅肉炒面""]",二层,西北风味档口,具名菜品和楼层的历史报道；当前营业及实际配方待后勤核实,estimated,162.4,4.9,14.7,9.4,"{""components"":{""noodle"":110,""fatty"":80,""veg"":120,""oil"":20},""portionG"":450,""notes"":""假设常见份量、可食部和入口油量，不代表食堂实测配方；""}",https://wjw.baoji.gov.cn/col2223/col2269/202403/P020241228641521653546.pdf
bjfu,北京林业大学,西区,西区食堂,菠萝溜溜鸡,热菜,12.00,元/份,300,估计成品可食部约300g/份,"[""禽肉（可食部生重）"", ""水果"", ""淀粉/粉条（干）""]",[],614,25.4,44.6,37.1,,,[],[],待核实,上架,,北京林业大学官方：上新（2023-03-10）,https://m.thepaper.cn/newsDetail_forward_22204629,,具名菜品和楼层的历史报道；当前营业及实际配方待后勤核实,参考估价（非学校公布现价）：按目录同类餐品价格档位估计；上线经用户确认，后勤核价后替换,预估而非实测；NHC2024附录2交换份，明确配方假设：禽肉（可食部生重）140g；水果80g；淀粉/粉条（干）20g；烹调用油（实际入口估计）20g；糖15g；成品份量估计；能量=4×蛋白质+4×碳水+9×脂肪；纤维/钠未知；假设常见份量、可食部和入口油量，不代表食堂实测配方；,"[""bjfu"",""西区"",""西区食堂"",""一层"",""菠萝溜溜鸡""]",一层,学二食堂,具名菜品和楼层的历史报道；当前营业及实际配方待后勤核实,estimated,204.7,8.5,14.9,12.4,"{""components"":{""poultry"":140,""fruit"":80,""starch"":20,""oil"":20,""sugar"":15},""portionG"":300,""notes"":""假设常见份量、可食部和入口油量，不代表食堂实测配方；""}",https://wjw.baoji.gov.cn/col2223/col2269/202403/P020241228641521653546.pdf
bjfu,北京林业大学,西区,西区食堂,香辣跳跳虾,热菜,12.00,元/份,250,估计成品可食部约250g/份,"[""虾仁"", ""蔬菜"", ""淀粉/粉条（干）""]","[""虾""]",360,19.5,21.3,21.9,,,[],[],待核实,上架,,北京林业大学官方：上新（2023-03-10）,https://m.thepaper.cn/newsDetail_forward_22204629,,具名菜品和楼层的历史报道；当前营业及实际配方待后勤核实,参考估价（非学校公布现价）：按目录同类餐品价格档位估计；上线经用户确认，后勤核价后替换,预估而非实测；NHC2024附录2交换份，明确配方假设：虾仁130g；蔬菜80g；淀粉/粉条（干）15g；烹调用油（实际入口估计）20g；成品份量估计；能量=4×蛋白质+4×碳水+9×脂肪；纤维/钠未知；假设常见份量、可食部和入口油量，不代表食堂实测配方；,"[""bjfu"",""西区"",""西区食堂"",""一层"",""香辣跳跳虾""]",一层,学二食堂,具名菜品和楼层的历史报道；当前营业及实际配方待后勤核实,estimated,144.0,7.8,8.5,8.8,"{""components"":{""shrimp"":130,""veg"":80,""starch"":15,""oil"":20},""portionG"":250,""notes"":""假设常见份量、可食部和入口油量，不代表食堂实测配方；""}",https://wjw.baoji.gov.cn/col2223/col2269/202403/P020241228641521653546.pdf
bjfu,北京林业大学,西区,西区食堂,肉骨茶,汤品,10.00,元/份,450,估计成品可食部约450g/份,"[""中脂肉（可食部生重）"", ""蔬菜""]",[],346,29.5,10.3,20.8,,,[],[],待核实,上架,,北京林业大学官方：上新（2023-03-10）,https://m.thepaper.cn/newsDetail_forward_22204629,,具名菜品和楼层的历史报道；当前营业及实际配方待后勤核实,参考估价（非学校公布现价）：按目录同类餐品价格档位估计；上线经用户确认，后勤核价后替换,预估而非实测；NHC2024附录2交换份，明确配方假设：中脂肉（可食部生重）140g；蔬菜150g；烹调用油（实际入口估计）8g；成品份量估计；能量=4×蛋白质+4×碳水+9×脂肪；纤维/钠未知；假设常见份量、可食部和入口油量，不代表食堂实测配方；,"[""bjfu"",""西区"",""西区食堂"",""负一层"",""肉骨茶""]",负一层,小食光,具名菜品和楼层的历史报道；当前营业及实际配方待后勤核实,estimated,76.9,6.6,2.3,4.6,"{""components"":{""pork"":140,""veg"":150,""oil"":8},""portionG"":450,""notes"":""假设常见份量、可食部和入口油量，不代表食堂实测配方；""}",https://wjw.baoji.gov.cn/col2223/col2269/202403/P020241228641521653546.pdf
bjfu,北京林业大学,西区,西区食堂,烤鸡沙拉,轻食,18.00,元/份,350,估计成品可食部约350g/份,"[""禽肉（可食部生重）"", ""蔬菜""]",[],389,25.1,15.8,25.0,,,[],[],待核实,上架,,北京林业大学官方：上新（2023-03-10）,https://m.thepaper.cn/newsDetail_forward_22204629,,具名菜品和楼层的历史报道；当前营业及实际配方待后勤核实,参考估价（非学校公布现价）：按目录同类餐品价格档位估计；上线经用户确认，后勤核价后替换,预估而非实测；NHC2024附录2交换份，明确配方假设：禽肉（可食部生重）120g；蔬菜220g；烹调用油（实际入口估计）10g；成品份量估计；能量=4×蛋白质+4×碳水+9×脂肪；纤维/钠未知；假设常见份量、可食部和入口油量，不代表食堂实测配方；,"[""bjfu"",""西区"",""西区食堂"",""负一层"",""烤鸡沙拉""]",负一层,小食光,具名菜品和楼层的历史报道；当前营业及实际配方待后勤核实,estimated,111.1,7.2,4.5,7.1,"{""components"":{""poultry"":120,""veg"":220,""oil"":10},""portionG"":350,""notes"":""假设常见份量、可食部和入口油量，不代表食堂实测配方；""}",https://wjw.baoji.gov.cn/col2223/col2269/202403/P020241228641521653546.pdf
bjfu,北京林业大学,西区,西区食堂,椒麻香肉饭,套餐,18.00,元/份,450,估计成品可食部约450g/份,"[""熟米饭"", ""中脂肉（可食部生重）"", ""蔬菜""]",[],641,27.4,65.7,29.8,,,[],[],待核实,上架,,北京林业大学官方：上新（2023-03-10）,https://m.thepaper.cn/newsDetail_forward_22204629,,具名菜品和楼层的历史报道；当前营业及实际配方待后勤核实,参考估价（非学校公布现价）：按目录同类餐品价格档位估计；上线经用户确认，后勤核价后替换,预估而非实测；NHC2024附录2交换份，明确配方假设：熟米饭220g；中脂肉（可食部生重）100g；蔬菜130g；烹调用油（实际入口估计）20g；成品份量估计；能量=4×蛋白质+4×碳水+9×脂肪；纤维/钠未知；假设常见份量、可食部和入口油量，不代表食堂实测配方；,"[""bjfu"",""西区"",""西区食堂"",""三层"",""椒麻香肉饭""]",三层,林汇园,具名菜品和楼层的历史报道；当前营业及实际配方待后勤核实,estimated,142.4,6.1,14.6,6.6,"{""components"":{""rice"":220,""pork"":100,""veg"":130,""oil"":20},""portionG"":450,""notes"":""假设常见份量、可食部和入口油量，不代表食堂实测配方；""}",https://wjw.baoji.gov.cn/col2223/col2269/202403/P020241228641521653546.pdf
bjfu,北京林业大学,西区,西区食堂,小火锅,汤品,10.00,元/份,550,估计成品可食部约550g/份,"[""禽肉（可食部生重）"", ""北豆腐"", ""蔬菜"", ""淀粉/粉条（干）""]","[""大豆""]",754,33.1,60.4,42.2,,,[],[],待核实,上架,,北京林业大学官方：上新（2023-03-10）,https://m.thepaper.cn/newsDetail_forward_22204629,,具名菜品和楼层的历史报道；当前营业及实际配方待后勤核实,参考估价（非学校公布现价）：沿用目录同名菜品参考价；上线经用户确认，后勤核价后替换,预估而非实测；NHC2024附录2交换份，明确配方假设：禽肉（可食部生重）100g；北豆腐100g；蔬菜150g；淀粉/粉条（干）50g；烹调用油（实际入口估计）25g；糖5g；成品份量估计；能量=4×蛋白质+4×碳水+9×脂肪；纤维/钠未知；不含额外米饭，实际食材组合未知,"[""bjfu"",""西区"",""西区食堂"",""三层"",""小火锅""]",三层,林汇园,具名菜品和楼层的历史报道；当前营业及实际配方待后勤核实,estimated,137.1,6.0,11.0,7.7,"{""components"":{""poultry"":100,""tofu"":100,""veg"":150,""starch"":50,""oil"":25,""sugar"":5},""portionG"":550,""notes"":""不含额外米饭，实际食材组合未知""}",https://wjw.baoji.gov.cn/col2223/col2269/202403/P020241228641521653546.pdf
bjfu,北京林业大学,西区,西区食堂,茶树菇牛肉,热菜,12.00,元/份,280,估计成品可食部约280g/份,"[""瘦肉（可食部生重）"", ""鲜菌菇""]",[],367,33.3,8.5,22.2,,,[],[],待核实,上架,,北京林业大学官方：上新（2023-03-10）,https://m.thepaper.cn/newsDetail_forward_22204629,,具名菜品和楼层的历史报道；当前营业及实际配方待后勤核实,参考估价（非学校公布现价）：按目录同类餐品价格档位估计；上线经用户确认，后勤核价后替换,预估而非实测；NHC2024附录2交换份，明确配方假设：瘦肉（可食部生重）150g；鲜菌菇120g；烹调用油（实际入口估计）18g；成品份量估计；能量=4×蛋白质+4×碳水+9×脂肪；纤维/钠未知；假设常见份量、可食部和入口油量，不代表食堂实测配方；,"[""bjfu"",""西区"",""西区食堂"",""三层"",""茶树菇牛肉""]",三层,林汇园,具名菜品和楼层的历史报道；当前营业及实际配方待后勤核实,estimated,131.1,11.9,3.0,7.9,"{""components"":{""lean"":150,""mushroom"":120,""oil"":18},""portionG"":280,""notes"":""假设常见份量、可食部和入口油量，不代表食堂实测配方；""}",https://wjw.baoji.gov.cn/col2223/col2269/202403/P020241228641521653546.pdf
bjfu,北京林业大学,西区,西区食堂,鸡公煲,热菜,22.00,元/份,500,估计成品可食部约500g/份,"[""熟米饭"", ""禽肉（可食部生重）"", ""蔬菜"", ""薯芋类""]",[],807,35.0,83.4,37.0,,,[],[],待核实,上架,/assets/zhongcai/%E9%B8%A1%E5%85%AC%E7%85%B2.png,北京林业大学官方：上新（2023-03-10）,https://m.thepaper.cn/newsDetail_forward_22204629,,具名菜品和楼层的历史报道；当前营业及实际配方待后勤核实,参考估价（非学校公布现价）：沿用目录同名菜品参考价；上线经用户确认，后勤核价后替换,预估而非实测；NHC2024附录2交换份，明确配方假设：熟米饭220g；禽肉（可食部生重）150g；蔬菜100g；薯芋类50g；烹调用油（实际入口估计）18g；糖8g；成品份量估计；能量=4×蛋白质+4×碳水+9×脂肪；纤维/钠未知；有米饭的菜按熟米饭220g；禽肉为可食部生重，包含一般带皮肉脂肪,"[""bjfu"",""西区"",""西区食堂"",""三层"",""鸡公煲""]",三层,林汇园,具名菜品和楼层的历史报道；当前营业及实际配方待后勤核实,estimated,161.4,7.0,16.7,7.4,"{""components"":{""rice"":220,""poultry"":150,""veg"":100,""potato"":50,""oil"":18,""sugar"":8},""portionG"":500,""notes"":""有米饭的菜按熟米饭220g；禽肉为可食部生重，包含一般带皮肉脂肪""}",https://wjw.baoji.gov.cn/col2223/col2269/202403/P020241228641521653546.pdf
bjfu,北京林业大学,东区,东区教职工食堂,一品脆皮豆腐,热菜,12.00,元/份,280,估计成品可食部约280g/份,"[""北豆腐"", ""蔬菜"", ""淀粉/粉条（干）""]","[""大豆""]",484,23.6,21.4,33.8,,,[],[],待核实,上架,,北京林业大学官方：上新（2023-03-10）,https://m.thepaper.cn/newsDetail_forward_22204629,,具名菜品和楼层的历史报道；当前营业及实际配方待后勤核实,参考估价（非学校公布现价）：按目录同类餐品价格档位估计；上线经用户确认，后勤核价后替换,预估而非实测；NHC2024附录2交换份，明确配方假设：北豆腐180g；蔬菜80g；淀粉/粉条（干）15g；烹调用油（实际入口估计）25g；成品份量估计；能量=4×蛋白质+4×碳水+9×脂肪；纤维/钠未知；假设常见份量、可食部和入口油量，不代表食堂实测配方；,"[""bjfu"",""东区"",""东区教职工食堂"",""二层"",""一品脆皮豆腐""]",二层,教工餐厅,具名菜品和楼层的历史报道；当前营业及实际配方待后勤核实,estimated,172.9,8.4,7.6,12.1,"{""components"":{""tofu"":180,""veg"":80,""starch"":15,""oil"":25},""portionG"":280,""notes"":""假设常见份量、可食部和入口油量，不代表食堂实测配方；""}",https://wjw.baoji.gov.cn/col2223/col2269/202403/P020241228641521653546.pdf
bjfu,北京林业大学,东区,东区教职工食堂,鲜虾套餐,套餐,18.00,元/份,450,估计成品可食部约450g/份,"[""虾仁"", ""熟米饭"", ""蔬菜""]","[""虾""]",458,25.9,64.8,10.6,,,[],[],待核实,上架,,北京林业大学官方：上新（2023-03-10）,https://m.thepaper.cn/newsDetail_forward_22204629,,具名菜品和楼层的历史报道；当前营业及实际配方待后勤核实,参考估价（非学校公布现价）：按目录同类餐品价格档位估计；上线经用户确认，后勤核价后替换,预估而非实测；NHC2024附录2交换份，明确配方假设：虾仁130g；熟米饭200g；蔬菜150g；烹调用油（实际入口估计）8g；成品份量估计；能量=4×蛋白质+4×碳水+9×脂肪；纤维/钠未知；假设常见份量、可食部和入口油量，不代表食堂实测配方；,"[""bjfu"",""东区"",""东区教职工食堂"",""二层"",""鲜虾套餐""]",二层,教工餐厅,具名菜品和楼层的历史报道；当前营业及实际配方待后勤核实,estimated,101.8,5.8,14.4,2.4,"{""components"":{""shrimp"":130,""rice"":200,""veg"":150,""oil"":8},""portionG"":450,""notes"":""假设常见份量、可食部和入口油量，不代表食堂实测配方；""}",https://wjw.baoji.gov.cn/col2223/col2269/202403/P020241228641521653546.pdf
bjfu,北京林业大学,东区,东区教职工食堂,金瓜蒸饭系列之老干妈排骨蒸饭,套餐,18.00,元/份,450,估计成品可食部约450g/份,"[""熟米饭"", ""中脂肉（可食部生重）"", ""蔬菜""]",[],623,31.0,65.2,26.5,,,[],[],待核实,上架,,北京林业大学官方：上新（2023-03-10）,https://m.thepaper.cn/newsDetail_forward_22204629,,具名菜品和楼层的历史报道；当前营业及实际配方待后勤核实,参考估价（非学校公布现价）：按目录同类餐品价格档位估计；上线经用户确认，后勤核价后替换,预估而非实测；NHC2024附录2交换份，明确配方假设：熟米饭220g；中脂肉（可食部生重）120g；蔬菜120g；烹调用油（实际入口估计）15g；成品份量估计；能量=4×蛋白质+4×碳水+9×脂肪；纤维/钠未知；假设常见份量、可食部和入口油量，不代表食堂实测配方；,"[""bjfu"",""东区"",""东区教职工食堂"",""二层"",""金瓜蒸饭系列之老干妈排骨蒸饭""]",二层,教工餐厅,具名菜品和楼层的历史报道；当前营业及实际配方待后勤核实,estimated,138.4,6.9,14.5,5.9,"{""components"":{""rice"":220,""pork"":120,""veg"":120,""oil"":15},""portionG"":450,""notes"":""假设常见份量、可食部和入口油量，不代表食堂实测配方；""}",https://wjw.baoji.gov.cn/col2223/col2269/202403/P020241228641521653546.pdf
bjfu,北京林业大学,东区,东区食堂,驴肉火烧,早餐,4.00,元/份,200,估计成品可食部约200g/份,"[""谷物/面粉（干）"", ""瘦肉（可食部生重）""]","[""小麦""]",425,24.5,50.9,13.7,,,[],[],待核实,上架,,北京林业大学官方：上新（2023-03-10）,https://m.thepaper.cn/newsDetail_forward_22204629,,具名菜品和楼层的历史报道；当前营业及实际配方待后勤核实,参考估价（非学校公布现价）：按目录同类餐品价格档位估计；上线经用户确认，后勤核价后替换,预估而非实测；NHC2024附录2交换份，明确配方假设：谷物/面粉（干）65g；瘦肉（可食部生重）90g；烹调用油（实际入口估计）10g；成品份量估计；能量=4×蛋白质+4×碳水+9×脂肪；纤维/钠未知；假设常见份量、可食部和入口油量，不代表食堂实测配方；,"[""bjfu"",""东区"",""东区食堂"",""二层"",""驴肉火烧""]",二层,禾园,具名菜品和楼层的历史报道；当前营业及实际配方待后勤核实,estimated,212.5,12.2,25.4,6.8,"{""components"":{""grain"":65,""lean"":90,""oil"":10},""portionG"":200,""notes"":""假设常见份量、可食部和入口油量，不代表食堂实测配方；""}",https://wjw.baoji.gov.cn/col2223/col2269/202403/P020241228641521653546.pdf
bjfu,北京林业大学,西区,西区食堂,鸡排拌饭,套餐,18.00,元/份,450,估计成品可食部约450g/份,"[""熟米饭"", ""禽肉（可食部生重）"", ""淀粉/粉条（干）"", ""蔬菜""]",[],825,30.8,82.1,41.5,,,[],[],待核实,上架,,北林党委研究生工作部署名：食堂最全攻略（2023-09-11转载）,https://www.sohu.com/a/719689066_121124210,,具名菜品和楼层的历史报道；当前营业及实际配方待后勤核实,参考估价（非学校公布现价）：按目录同类餐品价格档位估计；上线经用户确认，后勤核价后替换,预估而非实测；NHC2024附录2交换份，明确配方假设：熟米饭220g；禽肉（可食部生重）130g；淀粉/粉条（干）20g；蔬菜100g；烹调用油（实际入口估计）25g；成品份量估计；能量=4×蛋白质+4×碳水+9×脂肪；纤维/钠未知；假设常见份量、可食部和入口油量，不代表食堂实测配方；,"[""bjfu"",""西区"",""西区食堂"",""一层"",""鸡排拌饭""]",一层,学二食堂,具名菜品和楼层的历史报道；当前营业及实际配方待后勤核实,estimated,183.3,6.8,18.2,9.2,"{""components"":{""rice"":220,""poultry"":130,""starch"":20,""veg"":100,""oil"":25},""portionG"":450,""notes"":""假设常见份量、可食部和入口油量，不代表食堂实测配方；""}",https://wjw.baoji.gov.cn/col2223/col2269/202403/P020241228641521653546.pdf
bjfu,北京林业大学,西区,西区食堂,陕西臊子面,面食,14.00,元/份,450,估计成品可食部约450g/份,"[""面制品"", ""中脂肉（可食部生重）"", ""蔬菜""]","[""小麦""]",528,21.3,61.3,21.9,,,[],[],待核实,上架,,北林党委研究生工作部署名：食堂最全攻略（2023-09-11转载）,https://www.sohu.com/a/719689066_121124210,,具名菜品和楼层的历史报道；当前营业及实际配方待后勤核实,参考估价（非学校公布现价）：按目录同类餐品价格档位估计；上线经用户确认，后勤核价后替换,预估而非实测；NHC2024附录2交换份，明确配方假设：面制品100g；中脂肉（可食部生重）60g；蔬菜150g；烹调用油（实际入口估计）15g；成品份量估计；能量=4×蛋白质+4×碳水+9×脂肪；纤维/钠未知；假设常见份量、可食部和入口油量，不代表食堂实测配方；,"[""bjfu"",""西区"",""西区食堂"",""一层"",""陕西臊子面""]",一层,学二食堂,具名菜品和楼层的历史报道；当前营业及实际配方待后勤核实,estimated,117.3,4.7,13.6,4.9,"{""components"":{""noodle"":100,""pork"":60,""veg"":150,""oil"":15},""portionG"":450,""notes"":""假设常见份量、可食部和入口油量，不代表食堂实测配方；""}",https://wjw.baoji.gov.cn/col2223/col2269/202403/P020241228641521653546.pdf
bjfu,北京林业大学,西区,西区食堂,麻辣涮,自选,15.00,元/份,450,估计成品可食部约450g/份,"[""瘦肉（可食部生重）"", ""淀粉/粉条（干）"", ""蔬菜""]",[],514,19.7,46.7,27.6,,,[],[],待核实,上架,,北林党委研究生工作部署名：食堂最全攻略（2023-09-11转载）,https://www.sohu.com/a/719689066_121124210,,具名菜品和楼层的历史报道；当前营业及实际配方待后勤核实,参考估价（非学校公布现价）：按目录同类餐品价格档位估计；上线经用户确认，后勤核价后替换,预估而非实测；NHC2024附录2交换份，明确配方假设：瘦肉（可食部生重）80g；淀粉/粉条（干）40g；蔬菜180g；烹调用油（实际入口估计）25g；成品份量估计；能量=4×蛋白质+4×碳水+9×脂肪；纤维/钠未知；假设常见份量、可食部和入口油量，不代表食堂实测配方；自选内容未知，不作为减脂推荐。,"[""bjfu"",""西区"",""西区食堂"",""一层"",""麻辣涮""]",一层,学二食堂,具名菜品和楼层的历史报道；当前营业及实际配方待后勤核实,estimated,114.2,4.4,10.4,6.1,"{""components"":{""lean"":80,""starch"":40,""veg"":180,""oil"":25},""portionG"":450,""notes"":""假设常见份量、可食部和入口油量，不代表食堂实测配方；自选内容未知，不作为减脂推荐。""}",https://wjw.baoji.gov.cn/col2223/col2269/202403/P020241228641521653546.pdf
bjfu,北京林业大学,西区,西区食堂,口水鸡,热菜,18.00,元/份,250,估计成品可食部约250g/份,"[""禽肉（可食部生重）"", ""蔬菜"", ""坚果""]","[""花生"", ""芝麻""]",746,38.4,14.6,59.3,,,[],[],待核实,上架,,北林党委研究生工作部署名：食堂最全攻略（2023-09-11转载）,https://www.sohu.com/a/719689066_121124210,,具名菜品和楼层的历史报道；当前营业及实际配方待后勤核实,参考估价（非学校公布现价）：沿用目录同名菜品参考价；上线经用户确认，后勤核价后替换,预估而非实测；NHC2024附录2交换份，明确配方假设：禽肉（可食部生重）200g；蔬菜60g；坚果10g；烹调用油（实际入口估计）30g；糖6g；成品份量估计；能量=4×蛋白质+4×碳水+9×脂肪；纤维/钠未知；禽肉为可食部生重，不含额外米饭,"[""bjfu"",""西区"",""西区食堂"",""一层"",""口水鸡""]",一层,学二食堂,具名菜品和楼层的历史报道；当前营业及实际配方待后勤核实,estimated,298.4,15.4,5.8,23.7,"{""components"":{""poultry"":200,""veg"":60,""nuts"":10,""oil"":30,""sugar"":6},""portionG"":250,""notes"":""禽肉为可食部生重，不含额外米饭""}",https://wjw.baoji.gov.cn/col2223/col2269/202403/P020241228641521653546.pdf
bjfu,北京林业大学,西区,西区食堂,奶油鸡茸汤,汤品,10.00,元/份,350,估计成品可食部约350g/份,"[""禽肉（可食部生重）"", ""乳制品"", ""谷物/面粉（干）""]","[""小麦"", ""奶""]",371,18.8,19.8,24.1,,,[],[],待核实,上架,,北林党委研究生工作部署名：食堂最全攻略（2023-09-11转载）,https://www.sohu.com/a/719689066_121124210,,具名菜品和楼层的历史报道；当前营业及实际配方待后勤核实,参考估价（非学校公布现价）：按目录同类餐品价格档位估计；上线经用户确认，后勤核价后替换,预估而非实测；NHC2024附录2交换份，明确配方假设：禽肉（可食部生重）70g；乳制品150g；谷物/面粉（干）15g；烹调用油（实际入口估计）10g；成品份量估计；能量=4×蛋白质+4×碳水+9×脂肪；纤维/钠未知；假设常见份量、可食部和入口油量，不代表食堂实测配方；,"[""bjfu"",""西区"",""西区食堂"",""负一层"",""奶油鸡茸汤""]",负一层,小食光,具名菜品和楼层的历史报道；当前营业及实际配方待后勤核实,estimated,106.0,5.4,5.7,6.9,"{""components"":{""poultry"":70,""milk"":150,""grain"":15,""oil"":10},""portionG"":350,""notes"":""假设常见份量、可食部和入口油量，不代表食堂实测配方；""}",https://wjw.baoji.gov.cn/col2223/col2269/202403/P020241228641521653546.pdf
bjfu,北京林业大学,西区,西区食堂,焗鸡腿饭,套餐,18.00,元/份,450,估计成品可食部约450g/份,"[""熟米饭"", ""禽肉（可食部生重）"", ""奶酪"", ""蔬菜""]","[""奶""]",788,39.3,66.0,40.8,,,[],[],待核实,上架,,北林党委研究生工作部署名：食堂最全攻略（2023-09-11转载）,https://www.sohu.com/a/719689066_121124210,,具名菜品和楼层的历史报道；当前营业及实际配方待后勤核实,参考估价（非学校公布现价）：按目录同类餐品价格档位估计；上线经用户确认，后勤核价后替换,预估而非实测；NHC2024附录2交换份，明确配方假设：熟米饭220g；禽肉（可食部生重）150g；奶酪25g；蔬菜80g；烹调用油（实际入口估计）15g；成品份量估计；能量=4×蛋白质+4×碳水+9×脂肪；纤维/钠未知；假设常见份量、可食部和入口油量，不代表食堂实测配方；,"[""bjfu"",""西区"",""西区食堂"",""负一层"",""焗鸡腿饭""]",负一层,小食光,具名菜品和楼层的历史报道；当前营业及实际配方待后勤核实,estimated,175.1,8.7,14.7,9.1,"{""components"":{""rice"":220,""poultry"":150,""cheese"":25,""veg"":80,""oil"":15},""portionG"":450,""notes"":""假设常见份量、可食部和入口油量，不代表食堂实测配方；""}",https://wjw.baoji.gov.cn/col2223/col2269/202403/P020241228641521653546.pdf
bjfu,北京林业大学,西区,西区食堂,轻食沙拉,轻食,18.00,元/份,350,估计成品可食部约350g/份,"[""蔬菜"", ""禽肉（可食部生重）""]",[],352,21.6,15.5,22.6,,,[],[],待核实,上架,,北林党委研究生工作部署名：食堂最全攻略（2023-09-11转载）,https://www.sohu.com/a/719689066_121124210,,具名菜品和楼层的历史报道；当前营业及实际配方待后勤核实,参考估价（非学校公布现价）：按目录同类餐品价格档位估计；上线经用户确认，后勤核价后替换,预估而非实测；NHC2024附录2交换份，明确配方假设：蔬菜220g；禽肉（可食部生重）100g；烹调用油（实际入口估计）10g；成品份量估计；能量=4×蛋白质+4×碳水+9×脂肪；纤维/钠未知；假设常见份量、可食部和入口油量，不代表食堂实测配方；,"[""bjfu"",""西区"",""西区食堂"",""负一层"",""轻食沙拉""]",负一层,小食光,具名菜品和楼层的历史报道；当前营业及实际配方待后勤核实,estimated,100.6,6.2,4.4,6.5,"{""components"":{""veg"":220,""poultry"":100,""oil"":10},""portionG"":350,""notes"":""假设常见份量、可食部和入口油量，不代表食堂实测配方；""}",https://wjw.baoji.gov.cn/col2223/col2269/202403/P020241228641521653546.pdf
bjfu,北京林业大学,西区,西区食堂,杨枝甘露,甜品,8.00,元/份,350,估计成品可食部约350g/份,"[""水果"", ""乳制品"", ""淀粉/粉条（干）""]","[""奶""]",324,4.6,66.9,4.2,,,[],[],待核实,上架,,北林党委研究生工作部署名：食堂最全攻略（2023-09-11转载）,https://www.sohu.com/a/719689066_121124210,,具名菜品和楼层的历史报道；当前营业及实际配方待后勤核实,参考估价（非学校公布现价）：按目录同类餐品价格档位估计；上线经用户确认，后勤核价后替换,预估而非实测；NHC2024附录2交换份，明确配方假设：水果150g；乳制品100g；淀粉/粉条（干）20g；糖25g；成品份量估计；能量=4×蛋白质+4×碳水+9×脂肪；纤维/钠未知；假设常见份量、可食部和入口油量，不代表食堂实测配方；,"[""bjfu"",""西区"",""西区食堂"",""负一层"",""杨枝甘露""]",负一层,小食光,具名菜品和楼层的历史报道；当前营业及实际配方待后勤核实,estimated,92.6,1.3,19.1,1.2,"{""components"":{""fruit"":150,""milk"":100,""starch"":20,""sugar"":25},""portionG"":350,""notes"":""假设常见份量、可食部和入口油量，不代表食堂实测配方；""}",https://wjw.baoji.gov.cn/col2223/col2269/202403/P020241228641521653546.pdf
bjfu,北京林业大学,西区,西区食堂,地锅鸡,套餐,18.00,元/份,500,估计成品可食部约500g/份,"[""禽肉（可食部生重）"", ""谷物/面粉（干）"", ""蔬菜""]","[""小麦""]",815,39.8,55.8,48.1,,,[],[],待核实,上架,,北林餐饮服务中心署名：食在北林（2023-09-05转载）,https://www.sohu.com/a/718289659_121123986,,具名菜品和楼层的历史报道；当前营业及实际配方待后勤核实,参考估价（非学校公布现价）：按目录同类餐品价格档位估计；上线经用户确认，后勤核价后替换,预估而非实测；NHC2024附录2交换份，明确配方假设：禽肉（可食部生重）180g；谷物/面粉（干）60g；蔬菜120g；烹调用油（实际入口估计）25g；成品份量估计；能量=4×蛋白质+4×碳水+9×脂肪；纤维/钠未知；假设常见份量、可食部和入口油量，不代表食堂实测配方；,"[""bjfu"",""西区"",""西区食堂"",""一层"",""地锅鸡""]",一层,学二食堂,具名菜品和楼层的历史报道；当前营业及实际配方待后勤核实,estimated,163.0,8.0,11.2,9.6,"{""components"":{""poultry"":180,""grain"":60,""veg"":120,""oil"":25},""portionG"":500,""notes"":""假设常见份量、可食部和入口油量，不代表食堂实测配方；""}",https://wjw.baoji.gov.cn/col2223/col2269/202403/P020241228641521653546.pdf
tju,天津大学,北洋园校区,棠园食堂,香菇青菜小笼包,早餐,4.00,元/份,250,估计成品可食部约250g/份,"[""谷物/面粉（干）"", ""鲜菌菇"", ""蔬菜""]","[""小麦""]",370,9.8,60.9,9.7,,,[],[],待核实,上架,,天津大学官方：早餐攻略（2026-06-26）,https://www.sohu.com/a/1042081630_355396,,具名菜品和楼层的历史报道；当前营业及实际配方待后勤核实,参考估价（非学校公布现价）：按目录同类餐品价格档位估计；上线经用户确认，后勤核价后替换,预估而非实测；NHC2024附录2交换份，明确配方假设：谷物/面粉（干）70g；鲜菌菇50g；蔬菜80g；烹调用油（实际入口估计）8g；成品份量估计；能量=4×蛋白质+4×碳水+9×脂肪；纤维/钠未知；假设常见份量、可食部和入口油量，不代表食堂实测配方；,"[""tju"",""北洋园校区"",""棠园食堂"",""一层"",""香菇青菜小笼包""]",一层,14号窗口,具名菜品和楼层的历史报道；当前营业及实际配方待后勤核实,estimated,148.0,3.9,24.4,3.9,"{""components"":{""grain"":70,""mushroom"":50,""veg"":80,""oil"":8},""portionG"":250,""notes"":""假设常见份量、可食部和入口油量，不代表食堂实测配方；""}",https://wjw.baoji.gov.cn/col2223/col2269/202403/P020241228641521653546.pdf
